YEAR;ESCALA;COUNTRY
1850;7.5;CHINA
1850;5.0;CHINA
1851;7.1;CHILE
1851;7.2;CHILE
1851;6.6;ALBANIA
1852;6.5;INDONESIA
1852;5.8;IRAN
1852;6.0;CHINA
1852;7.3;TURKEY
1852;7.5;PHILIPPINES
1852;6.8;INDONESIA
1852;8.3;INDONESIA
1852;7.0;MEXICO
1852;7.0;INDONESIA
1853;6.7;VENEZUELA
1854;6.0;INDONESIA
1854;7.2;COSTA RICA
1854;7.2;COSTA RICA
1854;4.5;IRAN
1854;8.3;JAPAN
1854;8.4;JAPAN
1854;5.5;CHINA
1855;8.0;NEW ZEALAND
1855;5.5;NEW ZEALAND
1855;6.7;TURKEY
1855;6.7;TURKEY
1855;6.0;USA
1855;7.0;JAPAN
1855;7.0;JAPAN
1855;7.0;JAPAN
1855;5.5;CHINA
1855;4.8;CHINA
1856;5.5;USA
1856;5.5;CHINA
1856;7.5;HONDURAS
1856;8.0;JAPAN
1856;6.6;GREECE
1857;8.3;USA
1857;6.7;TURKEY
1857;8.0;PAPUA NEW GUINEA
1857;7.0;INDONESIA
1857;6.4;JAPAN
1857;6.5;ITALY
1858;7.5;RUSSIA
1858;6.5;CHILE
1858;7.3;INDONESIA
1859;6.1;TURKEY
1859;5.9;AZERBAIJAN
1859;7.0;INDONESIA
1859;7.3;INDONESIA
1859;6.2;EL SALVADOR
1859;6.8;INDONESIA
1859;7.6;CHILE
1859;7.0;EL SALVADOR
1861;8.5;INDONESIA
1861;7.0;INDONESIA
1861;7.0;INDONESIA
1861;6.8;INDONESIA
1861;6.0;CHINA
1861;6.5;INDONESIA
1861;7.4;JAPAN
1861;7.5;GREECE
1862;7.5;RUSSIA
1862;6.5;PHILIPPINES
1862;5.9;USA
1862;6.5;TAIWAN
1862;6.5;GHANA
1862;6.1;TURKEY
1862;5.5;CHINA
1863;6.7;GREECE
1863;5.5;CHINA
1863;6.5;PHILIPPINES
1863;7.5;VANUATU
1863;6.4;JAPAN
1863;5.5;CHINA
1863;6.7;TURKEY
1864;7.8;INDONESIA
1864;6.4;IRAQ
1865;6.0;IRAN
1865;6.3;USA
1865;6.0;PHILIPPINES
1865;8.0;TONGA
1866;6.1;GREECE
1866;6.0;GREECE
1866;6.7;ALBANIA
1867;7.9;GREECE
1867;7.0;GREECE
1867;7.1;GREECE
1867;7.5;USA TERRITORY
1867;7.0;TAIWAN
1868;7.9;USA
1868;6.5;UZBEKISTAN
1868;6.7;TURKEY
1868;7.5;BANGLADESH
1868;8.5;CHILE
1868;8.5;CHILE
1868;8.0;ECUADOR
1868;7.7;ECUADOR
1868;7.6;NEW ZEALAND
1868;4.5;GEORGIA
1868;6.8;USA
1868;5.5;CHINA
1869;6.5;NEPAL
1869;7.0;PHILIPPINES
1869;6.8;CHILE
1869;7.5;CHILE
1869;5.6;UKRAINE
1869;7.5;GREECE
1870;7.3;CHINA
1870;7.9;MEXICO
1870;7.0;GREECE
1870;7.5;GREECE
1871;7.0;USA
1871;5.9;USA
1871;7.5;CHILE
1871;7.3;CHILE
1871;5.6;IRAN
1872;6.3;IRAN
1872;6.5;PERU
1872;6.0;PHILIPPINES
1872;5.7;AZERBAIJAN
1872;7.4;JAPAN
1872;7.8;USA
1872;7.3;TURKEY
1872;4.9;GHANA
1872;4.3;UKRAINE
1873;6.7;USA
1873;8.0;PAPUA NEW GUINEA
1874;6.1;TURKEY
1874;5.9;VENEZUELA
1875;7.5;MEXICO
1875;8.0;NEW CALEDONIA
1875;7.3;TURKEY
1875;7.0;VANUATU
1875;6.1;TURKEY
1875;7.5;COLOMBIA
1875;5.2;UKRAINE
1875;6.2;ETHIOPIA
1875;7.0;PAPUA NEW GUINEA
1876;6.8;INDONESIA
1876;6.0;CHINA
1877;8.3;CHILE
1878;7.5;VANUATU
1878;7.9;CHILE
1878;8.0;VANUATU
1878;5.9;VENEZUELA
1878;6.7;TURKEY
1878;4.3;MEXICO
1878;5.5;CHINA
1879;5.7;COTE D'IVOIRE
1879;6.7;IRAN
1879;6.7;IRAN
1879;8.0;CHINA
1879;5.9;EGYPT
1880;5.5;TURKEY
1880;5.5;CHINA
1880;7.5;PHILIPPINES
1880;6.1;TURKEY
1880;6.7;TURKEY
1880;7.7;CHILE
1880;7.0;NEW ZEALAND
1880;7.0;USA
1881;5.5;TAIWAN
1881;7.3;GREECE
1881;6.5;CHINA
1881;5.5;TAIWAN
1881;6.1;TURKEY
1881;7.0;JAPAN
1881;7.9;INDIA
1882;4.8;SLOVENIA
1882;8.3;PANAMA
1882;7.5;INDONESIA
1882;5.8;CHINA
1882;6.3;TAIWAN
1883;6.0;COLOMBIA
1883;6.2;IRAN
1883;5.5;CHINA
1883;7.3;TURKEY
1883;5.8;IRAN
1884;5.3;TAIWAN
1884;6.2;ERITREA
1884;5.5;USA
1884;7.5;PANAMA
1884;6.5;CHINA
1884;6.7;SPAIN
1885;6.0;CHINA
1885;7.3;INDONESIA
1885;4.0;RUSSIA
1885;6.8;INDONESIA
1885;6.9;KYRGYZSTAN
1885;5.9;ALGERIA
1885;5.0;CHINA
1886;7.5;GREECE
1886;7.7;USA
1887;8.0;MEXICO
1887;7.3;KAZAKHSTAN
1887;6.8;CHINA
1888;7.5;TRINIDAD AND TOBAGO
1888;5.0;CHINA
1888;7.5;CHINA
1888;7.3;NEW ZEALAND
1888;6.1;TURKEY
1889;6.8;PHILIPPINES
1889;8.3;KAZAKHSTAN
1889;6.3;JAPAN
1889;8.0;INDONESIA
1889;6.9;GREECE
1889;6.0;INDONESIA
1889;4.7;COTE D'IVOIRE
1890;7.2;IRAN
1890;5.5;CHINA
1891;5.8;CHINA
1891;6.2;NEW ZEALAND
1891;7.0;INDONESIA
1891;8.4;JAPAN
1892;6.2;USA
1892;7.5;USA TERRITORY
1892;7.0;INDONESIA
1893;6.4;GREECE
1893;6.5;GREECE
1893;6.7;TURKEY
1893;6.4;GREECE
1893;5.5;CHINA
1893;7.5;ALBANIA
1893;6.0;VANUATU
1893;6.8;CHINA
1893;6.6;IRAN
1893;6.8;CHINA
1893;6.5;CHINA
1894;7.9;JAPAN
1894;6.7;GREECE
1894;6.9;GREECE
1894;8.2;VENEZUELA
1894;7.5;JAPAN
1894;6.3;GREECE
1894;7.0;JAPAN
1894;7.5;ARGENTINA
1895;6.8;IRAN
1895;7.3;SOLOMON SEA
1895;6.1;SLOVENIA
1895;7.5;GREECE
1895;6.4;ALBANIA
1895;8.2;TURKMENISTAN
1895;6.0;NEW ZEALAND
1895;6.0;CHINA
1895;4.3;USA
1896;5.8;CHINA
1896;6.5;CHINA
1896;8.3;JAPAN
1896;7.5;AFGHANISTAN
1896;6.8;INDONESIA
1896;6.6;CHINA
1896;7.6;RUSSIA
1897;6.1;IRAN
1897;8.3;JAPAN
1897;7.4;JAPAN
1897;5.5;INDONESIA
1897;6.0;TAIWAN
1897;6.5;AUSTRALIA
1897;7.9;PHILIPPINES
1897;7.0;MEXICO
1897;8.0;INDIA
1897;7.0;MEXICO
1897;7.7;JAPAN
1897;7.9;PHILIPPINES
1897;7.9;JAPAN
1897;7.7;PERU
1897;8.6;PHILIPPINES
1897;8.7;PHILIPPINES
1897;8.1;PHILIPPINES
1897;7.9;PHILIPPINES
1898;4.3;IRAN
1898;6.5;USA
1898;7.2;JAPAN
1898;7.9;NICARAGUA
1898;6.0;CHINA
1898;7.6;USA
1898;6.5;CHILE
1898;6.2;GREECE
1898;5.5;CHINA
1899;6.6;GREECE
1899;8.4;MEXICO
1899;6.9;BOLIVIA
1899;7.8;JAMAICA
1899;8.2;USA
1899;7.8;USA
1899;8.2;USA
1899;6.7;TURKEY
1899;7.8;INDONESIA
1899;7.9;RUSSIA
1899;7.1;JAPAN
1899;6.4;USA
1899;5.6;TURKEY
1900;7.8;JAPAN
1900;7.4;MEXICO
1900;7.8;MEXICO
1900;7.5;COSTA RICA
1900;5.9;TURKEY
1900;7.6;SOLOMON ISLANDS
1900;6.8;PAPUA NEW GUINEA
1900;7.9;COLOMBIA
1900;6.9;INDONESIA
1900;8.3;USA
1900;8.4;VENEZUELA
1900;7.9;RUSSIA
1901;7.8;ECUADOR
1901;6.0;CHINA
1901;6.4;USA
1901;6.4;BULGARIA
1901;7.2;BULGARIA
1901;7.5;RUSSIA
1901;7.9;JAPAN
1901;7.9;JAPAN
1901;8.4;NEW CALEDONIA
1901;8.2;JAPAN
1901;6.3;JAPAN
1901;7.0;NICARAGUA
1901;6.1;TURKEY
1901;7.8;PHILIPPINES
1901;5.9;TURKEY
1901;7.8;USA
1902;7.8;USA
1902;7.0;MEXICO
1902;6.3;GUATEMALA
1902;7.8;PAPUA NEW GUINEA
1902;7.8;TONGA
1902;6.9;AZERBAIJAN
1902;7.0;EL SALVADOR
1902;5.5;TURKEY
1902;7.5;GUATEMALA
1902;8.0;RUSSIA
1902;6.6;TURKEY
1902;7.3;PHILIPPINES
1902;7.7;CHINA
1902;5.5;CHINA
1902;8.1;USA TERRITORY
1902;7.8;MEXICO
1902;7.8;MEXICO
1902;6.4;UZBEKISTAN
1903;8.0;TONGA
1903;7.7;MEXICO
1903;7.8;MONGOLIA
1903;8.1;INDONESIA
1903;5.7;ISRAEL
1903;6.5;INDONESIA
1903;6.3;TURKEY
1903;7.9;VANUATU
1903;5.8;TURKEY
1903;8.3;USA
1903;7.7;COLOMBIA
1903;7.8;GREECE
1903;6.5;IRAN
1903;6.5;CHILE
1903;7.8;PHILIPPINES
1904;7.9;COLOMBIA
1904;7.6;JAPAN
1904;7.5;BULGARIA
1904;7.8;BULGARIA
1904;6.0;TAIWAN
1904;7.9;JAPAN
1904;8.3;RUSSIA
1904;8.1;RUSSIA
1904;7.9;RUSSIA
1904;7.5;NEW ZEALAND
1904;6.2;GREECE
1904;7.9;JAPAN
1904;8.3;USA
1904;6.0;CHINA
1904;7.7;ECUADOR
1904;6.3;TAIWAN
1904;7.2;PANAMA
1905;6.8;COSTA RICA
1905;8.4;INDONESIA
1905;7.9;USA
1905;7.5;KERMADEC ISLANDS (NEW ZEALAND)
1905;7.8;INDIA
1905;6.5;TURKEY
1905;7.5;PAPUA NEW GUINEA
1905;6.6;ALBANIA
1905;7.8;JAPAN
1905;7.6;KIRIBATI
1905;7.0;JAPAN
1905;8.4;MONGOLIA
1905;8.4;MONGOLIA
1905;7.5;JAPAN
1905;7.1;ITALY
1905;7.8;RUSSIA
1905;5.1;RUSSIA
1905;6.4;BULGARIA
1905;7.5;GEORGIA
1905;5.0;CHINA
1905;7.8;GREECE
1905;6.8;TURKEY
1905;6.5;PHILIPPINES
1906;5.5;CHINA
1906;8.4;JAPAN
1906;8.6;ECUADOR
1906;7.7;COLOMBIA
1906;6.5;ALBANIA
1906;6.8;TAIWAN
1906;6.5;CHINA
1906;7.5;MEXICO
1906;6.5;TAIWAN
1906;7.9;USA
1906;5.3;CHINA
1906;7.7;COLOMBIA
1906;7.7;COLOMBIA
1906;7.8;USA
1906;8.2;CHILE
1906;6.8;ETHIOPIA
1906;8.0;PAPUA NEW GUINEA
1906;7.9;ECUADOR
1906;7.2;PAPUA NEW GUINEA
1906;7.8;AUSTRALIA
1906;5.0;GHANA
1906;7.9;MARTINIQUE
1906;8.3;CHINA
1906;7.6;USA
1906;7.9;PERU
1907;7.8;INDONESIA
1907;6.5;JAMAICA
1907;7.6;PERU
1907;7.3;INDONESIA
1907;8.3;MEXICO
1907;7.6;PHILIPPINES
1907;7.4;PHILIPPINES
1907;7.7;PAPUA NEW GUINEA
1907;7.9;RUSSIA
1907;7.9;INDONESIA
1907;6.2;ALBANIA
1907;7.8;USA
1907;5.5;USA
1907;7.7;MEXICO
1907;7.4;TAJIKISTAN
1907;5.9;ITALY
1907;7.4;PAPUA NEW GUINEA
1908;7.5;INDONESIA
1908;6.0;USA
1908;7.5;PHILIPPINES
1908;6.6;INDONESIA
1908;8.1;MEXICO
1908;7.5;MEXICO
1908;7.5;INDONESIA
1908;6.8;USA
1908;7.0;AFGHANISTAN
1908;7.6;RUSSIA
1908;8.2;PERU
1908;7.5;MYANMAR (BURMA)
1908;7.0;ITALY
1909;5.8;TURKEY
1909;7.7;IRAN
1909;6.3;TURKEY
1909;7.8;FIJI
1909;6.7;JAPAN
1909;7.5;JAPAN
1909;7.8;USA
1909;7.3;TAIWAN
1909;6.6;PORTUGAL
1909;6.5;CHINA
1909;7.6;INDONESIA
1909;7.6;CHILE
1909;6.2;FRANCE
1909;8.1;AFGHANISTAN
1909;5.7;GREECE
1909;7.8;MEXICO
1909;6.9;JAPAN
1909;7.2;PAKISTAN
1909;5.8;TURKEY
1909;4.7;MEXICO
1909;7.9;JAPAN
1909;7.3;TAIWAN
1909;7.7;SOLOMON ISLANDS
1909;8.0;USA TERRITORY
1910;7.5;HONDURAS
1910;6.8;CHINA
1910;7.4;JAPAN
1910;6.0;PAPUA NEW GUINEA
1910;7.8;TAIWAN
1910;7.5;JAPAN
1910;7.5;VANUATU
1910;5.9;ITALY
1910;7.9;VANUATU
1910;6.4;ALGERIA
1910;6.1;TURKEY
1910;6.9;MEXICO
1910;7.9;VANUATU
1910;7.2;VANUATU
1910;8.0;SOLOMON ISLANDS
1910;7.3;ZAMBIA
1910;7.5;INDONESIA
1910;6.7;INDONESIA
1910;6.2;PHILIPPINES
1911;7.7;KAZAKHSTAN
1911;5.5;CHINA
1911;7.4;TAJIKISTAN
1911;6.7;GREECE
1911;6.7;IRAN
1911;7.6;RUSSIA
1911;5.5;CHINA
1911;7.9;MEXICO
1911;8.0;JAPAN
1911;7.6;AFGHANISTAN
1911;7.8;PHILIPPINES
1911;5.0;FRANCE
1911;7.7;MICRONESIA, FED. STATES OF
1911;7.3;CHILE
1911;6.9;USA
1911;4.3;ITALY
1911;7.6;MEXICO
1912;7.0;GREECE
1912;7.5;ICELAND
1912;8.0;MYANMAR (BURMA)
1912;6.6;JAPAN
1912;7.0;PERU
1912;7.8;TURKEY
1912;7.5;MICRONESIA, FED. STATES OF
1912;6.9;MICRONESIA, FED. STATES OF
1912;7.5;USA
1912;7.8;MEXICO
1912;7.5;ARGENTINA
1913;7.5;RUSSIA
1913;6.8;NEW ZEALAND
1913;7.7;ECUADOR
1913;7.8;INDONESIA
1913;5.8;IRAN
1913;7.7;PHILIPPINES
1913;7.5;PAPUA NEW GUINEA
1913;6.8;BULGARIA
1913;7.6;TONGA
1913;7.0;PERU
1913;7.7;RUSSIA
1913;7.9;PERU
1913;6.0;CHINA
1913;7.0;PAPUA NEW GUINEA
1913;8.1;VANUATU
1913;6.3;PERU
1913;7.5;VANUATU
1913;7.0;CHINA
1914;7.1;JAPAN
1914;7.6;CHILE
1914;7.2;PERU
1914;7.2;JAPAN
1914;7.5;MEXICO
1914;4.9;ITALY
1914;8.1;INDONESIA
1914;5.6;TURKEY
1914;5.8;ECUADOR
1914;7.6;INDONESIA
1914;7.5;CHINA
1914;7.0;TURKEY
1914;6.0;GREECE
1914;7.6;PALAU
1914;8.1;JAPAN
1914;6.3;GREECE
1915;7.5;ITALY
1915;7.7;JAPAN
1915;8.1;RUSSIA
1915;7.6;PERU
1915;6.2;USA
1915;7.3;RUSSIA
1915;6.7;GREECE
1915;7.9;EL SALVADOR
1915;7.6;USA
1915;7.8;JAPAN
1915;6.0;INDONESIA
1915;6.4;PHILIPPINES
1915;7.0;CHINA
1915;6.6;EL SALVADOR
1916;7.9;PAPUA NEW GUINEA
1916;8.1;INDONESIA
1916;8.1;INDONESIA
1916;7.8;TURKEY
1916;8.0;JAPAN
1916;7.7;USA
1916;7.5;NICARAGUA
1916;7.5;USA
1916;7.8;JAPAN
1916;7.2;DOMINICAN REPUBLIC
1916;7.0;PANAMA
1916;7.5;ARGENTINA
1916;5.1;ITALY
1916;7.5;PAPUA NEW GUINEA
1916;7.5;BOLIVIA
1916;7.7;NEPAL
1916;6.5;TAIWAN
1916;7.3;INDONESIA
1916;4.9;SLOVENIA
1916;7.7;RUSSIA
1916;6.0;TAIWAN
1917;6.3;TAIWAN
1917;6.6;INDONESIA
1917;6.3;CHINA
1917;6.5;CHINA
1917;5.6;SLOVENIA
1917;7.8;RUSSIA
1917;6.4;PHILIPPINES
1917;5.5;ITALY
1917;8.0;KERMADEC ISLANDS (NEW ZEALAND)
1917;5.8;TAIWAN
1917;7.9;USA
1917;6.7;EL SALVADOR
1917;8.3;SAMOA
1917;7.7;TAIWAN
1917;7.7;PAPUA NEW GUINEA
1917;6.8;CHINA
1917;7.5;CHINA
1917;7.8;INDONESIA
1917;7.3;COLOMBIA
1917;7.5;KERMADEC ISLANDS (NEW ZEALAND)
1917;6.0;GUATEMALA
1917;7.7;MEXICO
1918;7.7;RUSSIA
1918;7.5;PHILIPPINES
1918;7.3;CHINA
1918;6.8;USA
1918;7.9;CHILE
1918;7.5;PAPUA NEW GUINEA
1918;7.6;BANGLADESH
1918;5.5;CHINA
1918;8.3;PHILIPPINES
1918;8.3;RUSSIA
1918;7.3;USA TERRITORY
1918;7.8;RUSSIA
1918;8.1;INDONESIA
1918;7.8;CHILE
1919;7.4;PHILIPPINES
1919;8.3;FIJI
1919;5.9;EL SALVADOR
1919;8.1;TONGA
1919;7.6;JAPAN
1919;7.8;PAPUA NEW GUINEA
1919;6.2;ITALY
1919;6.6;NICARAGUA
1919;6.9;FIJI
1919;5.6;ITALY
1920;7.8;MEXICO
1920;7.7;PAPUA NEW GUINEA
1920;6.2;GEORGIA
1920;8.0;TAIWAN
1920;7.0;CHILE
1920;5.8;ITALY
1920;7.8;NEW CALEDONIA
1920;6.2;ALBANIA
1920;8.3;CHINA
1920;6.0;ARGENTINA
1920;5.6;ALBANIA
1921;7.5;GUATEMALA
1921;7.7;MEXICO
1921;6.2;INDONESIA
1921;5.9;ETHIOPIA
1921;7.5;INDONESIA
1921;4.8;CENTRAL AFRICAN REPUBLIC
1921;7.5;PHILIPPINES
1921;7.8;AFGHANISTAN
1921;7.6;PERU
1922;7.2;PERU
1922;7.6;COLOMBIA
1922;7.6;PERU
1922;7.5;PAPUA NEW GUINEA
1922;7.6;USA
1922;6.4;NICARAGUA
1922;6.3;PHILIPPINES
1922;6.0;PHILIPPINES
1922;6.0;SERBIA AND MONTENEGRO
1922;5.1;ALGERIA
1922;7.6;TAIWAN
1922;7.4;PERU
1922;7.5;RUSSIA
1922;8.7;CHILE
1922;7.5;AFGHANISTAN
1922;6.3;NEW ZEALAND
1923;7.2;USA
1923;8.3;RUSSIA
1923;5.5;IRAN
1923;6.8;ECUADOR
1923;7.7;RUSSIA
1923;7.2;PHILIPPINES
1923;7.3;CHINA
1923;7.2;RUSSIA
1923;7.0;CHILE
1923;5.7;IRAN
1923;5.5;PHILIPPINES
1923;7.9;JAPAN
1923;7.7;JAPAN
1923;6.4;IRAN
1923;6.9;IRAN
1923;7.5;INDONESIA
1923;7.2;PAPUA NEW GUINEA
1923;7.2;PAPUA NEW GUINEA
1923;5.3;COLOMBIA
1924;6.9;ECUADOR
1924;6.8;RUSSIA
1924;5.6;ALGERIA
1924;8.3;PHILIPPINES
1924;6.5;PHILIPPINES
1924;5.3;TURKEY
1924;7.8;AUSTRALIA
1924;7.6;RUSSIA
1924;7.3;CHINA
1924;7.5;AUSTRALIA
1924;7.3;PHILIPPINES
1924;6.8;TURKEY
1925;5.8;TURKEY
1925;6.8;USA
1925;7.0;CHINA
1925;7.6;VANUATU
1925;6.8;PHILIPPINES
1925;7.1;CHILE
1925;6.8;JAPAN
1925;6.3;PHILIPPINES
1925;6.7;USA
1925;6.8;USA
1925;5.9;TURKEY
1925;6.7;NICARAGUA
1925;7.5;ATLANTIC OCEAN
1925;5.8;CHINA
1925;7.3;PHILIPPINES
1925;7.0;MEXICO
1925;5.5;IRAN
1925;5.5;IRAN
1926;7.5;SOLOMON ISLANDS
1926;7.9;GREECE
1926;5.8;INDONESIA
1926;7.5;JAPAN
1926;5.3;ITALY
1926;6.9;SOLOMON ISLANDS
1926;7.9;AUSTRALIA
1926;5.7;TURKEY
1926;7.9;INDONESIA
1926;7.0;NICARAGUA
1926;5.5;CHINA
1926;6.0;CHILE
1926;5.8;ALBANIA
1927;5.8;USA
1927;7.3;JAPAN
1927;6.0;CHINA
1927;5.0;CHINA
1927;5.9;SERBIA AND MONTENEGRO
1927;7.6;CHINA
1927;6.0;UKRAINE
1927;7.3;GREECE
1927;6.3;ISRAEL
1927;6.9;JAPAN
1927;6.9;JAPAN
1927;6.8;TAIWAN
1927;6.8;UKRAINE
1927;5.7;UKRAINE
1927;7.1;USA
1927;7.3;USA
1927;7.1;CHILE
1927;5.5;CHINA
1927;6.3;INDONESIA
1927;7.5;RUSSIA
1928;5.8;CANADA
1928;7.7;MEXICO
1928;6.0;ITALY
1928;5.0;IRAN
1928;8.1;INDIAN OCEAN
1928;7.5;NEW CALEDONIA
1928;7.7;MEXICO
1928;5.8;ITALY
1928;6.5;TURKEY
1928;6.9;PERU
1928;6.8;BULGARIA
1928;7.8;MEXICO
1928;7.0;BULGARIA
1928;6.0;GREECE
1928;5.0;GREECE
1928;5.2;GREECE
1928;6.8;PERU
1928;4.3;TURKEY
1928;7.3;PERU
1928;7.0;PHILIPPINES
1928;7.7;MEXICO
1928;7.0;PERU
1928;5.8;CHINA
1928;5.4;IRAN
1928;7.6;MEXICO
1928;7.1;CHILE
1928;7.6;CHILE
1928;7.3;PHILIPPINES
1929;7.7;RUSSIA
1929;6.0;CHINA
1929;6.9;VENEZUELA
1929;5.5;MYANMAR (BURMA)
1929;7.1;AFGHANISTAN
1929;7.8;USA
1929;7.4;IRAN
1929;6.5;TURKEY
1929;6.8;JAPAN
1929;7.0;CANADA
1929;7.2;PHILIPPINES
1929;7.5;NEW ZEALAND
1929;7.8;SOUTH GEORGIA AND THE SOUTH SANDWICH ISLANDS
1929;5.8;IRAN
1929;6.2;IRAN
1929;6.3;ICELAND
1929;7.5;CHILE
1929;7.3;CANADA
1929;7.8;USA
1930;5.5;CHINA
1930;5.6;ALBANIA
1930;6.7;GREECE
1930;7.3;MYANMAR (BURMA)
1930;7.5;IRAN
1930;6.0;CHINA
1930;6.0;INDONESIA
1930;7.1;BANGLADESH
1930;5.6;SPAIN
1930;6.5;INDONESIA
1930;6.5;ITALY
1930;5.5;CHINA
1930;5.2;USA
1930;6.5;CHINA
1930;6.3;TAJIKISTAN
1930;6.6;PAPUA NEW GUINEA
1930;5.0;IRAN
1930;5.9;ITALY
1930;6.0;ALBANIA
1930;7.1;JAPAN
1930;5.0;ALBANIA
1930;7.3;MYANMAR (BURMA)
1930;6.3;TAIWAN
1930;5.5;TAIWAN
1930;6.5;PAPUA NEW GUINEA
1930;6.0;ARGENTINA
1930;6.0;CHILE
1931;5.3;GREECE
1931;7.9;MEXICO
1931;7.6;MYANMAR (BURMA)
1931;5.8;ALBANIA
1931;7.7;NEW ZEALAND
1931;7.1;NEW ZEALAND
1931;6.9;GREECE
1931;7.7;JAPAN
1931;7.1;CHILE
1931;6.9;PHILIPPINES
1931;5.6;NICARAGUA
1931;6.3;ARMENIA
1931;6.0;UK
1931;7.0;PAPUA NEW GUINEA
1931;8.0;CHINA
1931;7.4;PAKISTAN
1931;7.0;JAPAN
1931;7.4;INDONESIA
1931;7.8;SOLOMON ISLANDS
1931;7.7;SOLOMON ISLANDS
1931;7.5;JAPAN
1932;6.8;PERU
1932;5.4;CUBA
1932;6.0;CHINA
1932;6.2;FIJI
1932;6.0;CHINA
1932;7.4;INDONESIA
1932;5.4;IRAN
1932;7.6;NICARAGUA
1932;7.9;KERMADEC ISLANDS (NEW ZEALAND)
1932;8.1;MEXICO
1932;7.9;MEXICO
1932;6.9;MEXICO
1932;7.0;MYANMAR (BURMA)
1932;6.8;NEW ZEALAND
1932;6.9;GREECE
1932;6.2;GREECE
1932;7.5;PACIFIC OCEAN
1932;7.2;USA
1932;7.6;CHINA
1932;5.0;CHINA
1933;7.6;CHILE
1933;8.4;JAPAN
1933;6.3;USA
1933;6.4;GREECE
1933;6.9;EL SALVADOR
1933;7.5;INDONESIA
1933;7.5;CHINA
1933;5.0;CHINA
1933;6.9;ECUADOR
1933;5.5;CHILE
1933;7.7;CANADA
1933;6.3;IRAN
1934;6.0;CHINA
1934;8.0;NEPAL
1934;6.3;CHINA
1934;7.9;PHILIPPINES
1934;7.5;NEW ZEALAND
1934;7.7;PANAMA
1934;7.8;SOLOMON ISLANDS
1934;7.1;SOLOMON ISLANDS
1934;6.5;TAIWAN
1934;7.0;MEXICO
1934;6.9;CHILE
1934;7.1;USA
1935;6.2;TURKEY
1935;6.7;GREECE
1935;6.0;IRAN
1935;6.3;IRAN
1935;6.0;TAIWAN
1935;6.0;CHINA
1935;6.1;TURKEY
1935;6.0;TAIWAN
1935;7.5;PAKISTAN
1935;5.8;TAIWAN
1935;6.3;JAPAN
1935;6.5;TAIWAN
1935;7.6;RUSSIA
1935;7.8;PAPUA NEW GUINEA
1935;6.2;USA
1935;6.0;USA
1935;6.5;INDONESIA
1935;7.6;SOLOMON ISLANDS
1935;6.0;CHINA
1935;7.9;INDONESIA
1936;7.0;COLOMBIA
1936;6.8;CHINA
1936;7.7;INDONESIA
1936;6.8;CHINA
1936;6.8;CHINA
1936;7.2;RUSSIA
1936;6.2;IRAN
1936;5.0;SOUTH KOREA
1936;7.3;CHILE
1936;6.0;CHINA
1936;5.5;CHINA
1936;7.2;TAIWAN
1936;7.3;INDONESIA
1936;5.5;CHINA
1936;7.3;RUSSIA
1937;7.5;CHINA
1937;5.2;ALGERIA
1937;7.6;RUSSIA
1937;8.1;FIJI
1937;7.7;MEXICO
1937;7.0;CHINA
1937;7.5;PHILIPPINES
1937;5.0;CHINA
1937;7.2;INDONESIA
1937;7.2;AFGHANISTAN
1937;7.0;TAIWAN
1937;7.5;MEXICO
1937;6.2;PERU
1938;8.5;INDONESIA
1938;6.3;CANADA
1938;6.7;TURKEY
1938;7.5;PAPUA NEW GUINEA
1938;6.0;CHINA
1938;7.6;INDONESIA
1938;6.1;JAPAN
1938;7.6;JAPAN
1938;6.3;ECUADOR
1938;7.7;JAPAN
1938;7.6;JAPAN
1938;7.5;JAPAN
1938;7.1;JAPAN
1938;8.2;USA
1938;6.0;JAPAN
1938;7.0;TAIWAN
1939;5.3;TURKEY
1939;8.3;CHILE
1939;7.7;PAPUA NEW GUINEA
1939;6.6;JAPAN
1939;7.4;CHILE
1939;7.9;SOLOMON ISLANDS
1939;7.0;JAPAN
1939;6.5;PHILIPPINES
1939;6.5;AZORES (PORTUGAL)
1939;6.4;GHANA
1939;5.6;CUBA
1939;5.5;CHINA
1939;6.5;TURKEY
1939;5.9;TURKEY
1939;6.9;AFGHANISTAN
1939;8.0;INDONESIA
1939;7.7;TURKEY
1940;4.8;ITALY
1940;6.0;CHINA
1940;6.0;CHINA
1940;6.0;TURKEY
1940;7.2;USA
1940;8.2;PERU
1940;5.5;CHINA
1940;7.4;USA
1940;7.5;JAPAN
1940;5.8;CHINA
1940;7.3;CHILE
1940;7.0;CHILE
1940;7.3;ROMANIA
1941;5.9;YEMEN
1941;7.4;PAPUA NEW GUINEA
1941;6.6;USA
1941;6.3;IRAN
1941;7.9;MEXICO
1941;6.0;CHINA
1941;7.0;CHINA
1941;7.6;INDIA
1941;6.0;TURKEY
1941;6.0;CHINA
1941;5.9;TURKEY
1941;7.4;JAPAN
1941;8.3;ATLANTIC OCEAN
1941;7.6;COSTA RICA
1941;6.9;COSTA RICA
1941;7.1;TAIWAN
1941;7.0;CHINA
1942;6.8;CHINA
1942;7.8;PHILIPPINES
1942;7.9;ECUADOR
1942;5.8;COLOMBIA
1942;7.5;INDONESIA
1942;6.0;CHINA
1942;7.9;GUATEMALA
1942;8.2;PERU
1942;6.0;ALBANIA
1942;7.9;SOUTH AFRICA
1942;6.1;TURKEY
1942;7.3;TURKEY
1942;6.0;CROATIA
1943;6.6;TURKEY
1943;6.9;ECUADOR
1943;5.0;PERU
1943;7.5;MEXICO
1943;6.5;CHINA
1943;8.2;CHILE
1943;5.0;ALGERIA
1943;8.1;PHILIPPINES
1943;7.6;INDONESIA
1943;6.2;TURKEY
1943;5.0;CHINA
1943;8.1;INDONESIA
1943;7.8;USA TERRITORY
1943;7.9;AUSTRALIA
1943;7.4;JAPAN
1943;7.5;NEW CALEDONIA
1943;7.6;KERMADEC ISLANDS (NEW ZEALAND)
1943;7.2;MYANMAR (BURMA)
1943;7.6;INDONESIA
1943;7.6;TURKEY
1943;7.6;RUSSIA
1944;7.8;ARGENTINA
1944;7.4;TURKEY
1944;7.2;CHINA
1944;7.5;INDONESIA
1944;4.8;IRAN
1944;7.5;PAPUA NEW GUINEA
1944;6.0;TURKEY
1944;5.7;GREECE
1944;5.6;USA
1944;7.0;CHINA
1944;7.5;NEW CALEDONIA
1944;6.8;TURKEY
1944;7.5;VANUATU
1944;8.1;JAPAN
1945;7.1;JAPAN
1945;6.0;UGANDA
1945;6.0;TURKEY
1945;6.2;CAMEROON
1945;6.3;CHINA
1945;8.0;PAKISTAN
1945;7.8;PAPUA NEW GUINEA
1946;5.6;ALGERIA
1946;5.6;TURKEY
1946;8.6;USA
1946;5.9;TURKEY
1946;7.3;CANADA
1946;7.9;CHILE
1946;7.9;DOMINICAN REPUBLIC
1946;7.5;DOMINICAN REPUBLIC
1946;7.5;MYANMAR (BURMA)
1946;7.8;MYANMAR (BURMA)
1946;7.7;PAPUA NEW GUINEA
1946;7.0;PERU
1946;7.6;KYRGYZSTAN
1946;7.5;TURKMENISTAN
1946;7.3;PERU
1946;6.8;TAIWAN
1946;8.1;JAPAN
1947;7.7;CHINA
1947;7.1;NEW ZEALAND
1947;5.5;CHINA
1947;6.4;USA
1947;7.3;PAPUA NEW GUINEA
1947;6.9;NEW ZEALAND
1947;5.5;CHINA
1947;4.1;IRAN
1947;7.9;INDIA
1947;7.6;PAKISTAN
1947;5.3;ALGERIA
1947;6.9;IRAN
1947;6.9;GREECE
1947;7.3;PERU
1947;7.0;JAPAN
1948;8.3;PHILIPPINES
1948;7.1;GREECE
1948;7.9;INDONESIA
1948;6.5;GREECE
1948;7.1;PERU
1948;7.5;USA
1948;7.3;CHINA
1948;6.8;PERU
1948;6.2;INDONESIA
1948;6.8;CHINA
1948;7.3;JAPAN
1948;6.4;GREECE
1948;7.9;TONGA
1948;7.3;TURKMENISTAN
1948;5.8;CHINA
1948;6.9;MEXICO
1948;7.0;CHILE
1949;7.3;CHINA
1949;7.5;AFGHANISTAN
1949;7.0;USA
1949;7.3;CHILE
1949;6.3;IRAN
1949;6.7;INDONESIA
1949;7.4;TAJIKISTAN
1949;6.7;GREECE
1949;6.7;ECUADOR
1949;6.8;ECUADOR
1949;7.5;TONGA
1949;6.8;TURKEY
1949;8.1;CANADA
1949;6.4;PHILIPPINES
1949;7.5;PAPUA NEW GUINEA
1949;5.5;CHINA
1949;7.8;CHILE
1949;7.8;CHILE
1949;7.2;PHILIPPINES
1950;7.0;CHILE
1950;7.0;CHINA
1950;7.9;RUSSIA
1950;5.8;NEW ZEALAND
1950;7.9;PERU
1950;6.0;PERU
1950;6.5;INDONESIA
1950;6.8;VENEZUELA
1950;6.8;ECUADOR
1950;8.6;INDIA
1950;5.8;CHINA
1950;7.7;COSTA RICA
1950;7.6;INDONESIA
1950;7.5;GUATEMALA
1950;8.1;INDONESIA
1950;7.3;SOLOMON ISLANDS
1950;6.8;MEXICO
1950;7.8;VANUATU
1950;8.0;CHILE
1950;7.0;PERU
1950;7.7;TONGA
1950;7.5;MEXICO
1951;7.8;PHILIPPINES
1951;6.5;EL SALVADOR
1951;7.9;PERU
1951;6.2;MEXICO
1951;6.0;NICARAGUA
1951;5.5;NICARAGUA
1951;6.7;TURKEY
1951;6.9;USA
1951;7.3;TAIWAN
1951;7.5;CHINA
1951;7.5;TAIWAN
1951;7.9;INDIAN OCEAN
1951;6.3;CHINA
1952;6.0;TURKEY
1952;7.5;PERU
1952;8.1;JAPAN
1952;7.1;JAPAN
1952;7.8;PHILIPPINES
1952;6.5;CHINA
1952;6.8;VANUATU
1952;7.7;USA
1952;5.8;USA
1952;6.8;CHINA
1952;5.5;CHINA
1952;5.0;TURKEY
1952;9.0;RUSSIA
1952;5.8;CHINA
1953;5.7;HAITI
1953;6.4;IRAN
1953;5.5;PERU
1953;5.8;RUSSIA
1953;7.5;TURKEY
1953;7.4;PAPUA NEW GUINEA
1953;5.0;CHINA
1953;7.6;CHILE
1953;7.2;DOMINICAN REPUBLIC
1953;7.5;VANUATU
1953;6.8;GREECE
1953;7.2;GREECE
1953;6.5;CYPRUS
1953;6.4;FIJI
1953;7.5;SOLOMON ISLANDS
1953;7.4;JAPAN
1953;7.4;CHILE
1953;7.4;PERU
1954;6.2;MEXICO
1954;7.3;CHINA
1954;5.4;AUSTRALIA
1954;7.4;MYANMAR (BURMA)
1954;7.0;SPAIN
1954;7.0;GREECE
1954;7.5;ATLANTIC OCEAN
1954;7.0;GREECE
1954;5.3;CHINA
1954;6.8;PHILIPPINES
1954;6.8;USA
1954;7.0;CHINA
1954;5.0;IRAN
1954;6.8;USA
1954;6.7;ALGERIA
1954;6.7;ALGERIA
1954;6.0;ALGERIA
1954;5.0;CHINA
1954;6.8;INDONESIA
1954;6.5;JAPAN
1954;7.0;USA
1955;7.8;KERMADEC ISLANDS (NEW ZEALAND)
1955;7.6;PHILIPPINES
1955;6.2;NICARAGUA
1955;7.5;CHINA
1955;7.0;CHINA
1955;6.2;GREECE
1955;7.1;CHILE
1955;6.0;GREECE
1955;6.5;CHINA
1955;7.3;INDIA
1955;6.0;CHINA
1955;6.8;TURKEY
1955;6.0;COLOMBIA
1955;5.8;COSTA RICA
1955;6.5;SOLOMON ISLANDS
1955;6.3;EGYPT
1955;6.8;CHINA
1955;5.8;CHINA
1955;7.3;PAPUA NEW GUINEA
1956;6.5;MEXICO
1956;7.1;CHILE
1956;7.7;TONGA
1956;5.8;HUNGARY
1956;7.3;ECUADOR
1956;7.3;NICARAGUA
1956;4.5;SLOVENIA
1956;5.8;TURKEY
1956;5.3;NEW ZEALAND
1956;5.8;LEBANON
1956;7.5;FIJI
1956;7.6;AFGHANISTAN
1956;7.8;GREECE
1956;6.8;GREECE
1956;7.0;MYANMAR (BURMA)
1956;7.5;INDONESIA
1956;6.1;INDIA
1956;6.5;JAPAN
1956;5.0;CHINA
1956;7.6;RUSSIA
1956;6.8;IRAN
1956;5.7;GREECE
1956;5.0;CHINA
1957;5.6;TUNISIA
1957;7.2;TAIWAN
1957;7.0;GREECE
1957;8.6;USA
1957;7.5;USA
1957;7.5;SAMOA
1957;7.5;INDONESIA
1957;6.9;TURKEY
1957;7.1;TURKEY
1957;7.1;TURKEY
1957;5.0;CHINA
1957;7.3;INDONESIA
1957;7.6;RUSSIA
1957;6.6;IRAN
1957;7.9;MEXICO
1957;7.0;CHILE
1957;7.6;PHILIPPINES
1957;7.5;FIJI
1957;6.0;INDONESIA
1957;7.8;BOLIVIA
1957;8.1;MONGOLIA
1957;7.1;IRAN
1957;7.8;SOLOMON ISLANDS
1958;7.3;PERU
1958;7.6;COLOMBIA
1958;6.2;CHINA
1958;7.5;JAPAN
1958;6.7;INDONESIA
1958;7.8;USA
1958;7.5;PERU
1958;6.7;IRAN
1958;6.8;CHILE
1958;5.8;CHINA
1958;6.7;INDONESIA
1958;6.1;PACIFIC OCEAN
1958;8.3;RUSSIA
1959;7.4;PERU
1959;5.5;FRANCE
1959;5.0;RUSSIA
1959;6.3;TURKEY
1959;7.5;TAIWAN
1959;8.2;RUSSIA
1959;6.8;MEXICO
1959;7.5;BOLIVIA
1959;7.0;RUSSIA
1959;5.0;CHINA
1959;5.4;CHINA
1959;7.0;TAIWAN
1959;7.3;SOLOMON ISLANDS
1959;7.7;USA
1959;6.9;MEXICO
1959;6.1;ALBANIA
1959;7.7;KERMADEC ISLANDS (NEW ZEALAND)
1959;6.2;TURKEY
1959;7.2;RUSSIA
1959;5.5;ALGERIA
1959;6.4;CHINA
1960;7.8;PERU
1960;7.0;PERU
1960;5.3;CHINA
1960;5.6;ALGERIA
1960;5.9;MOROCCO
1960;7.5;JAPAN
1960;6.7;JAPAN
1960;5.8;CHINA
1960;6.0;IRAN
1960;8.2;CHILE
1960;9.5;CHILE
1960;6.5;GREECE
1960;6.6;PAPUA NEW GUINEA
1960;6.7;JAPAN
1960;6.6;CONGO
1960;7.4;CHILE
1960;6.8;CHINA
1960;6.7;PERU
1961;6.6;RUSSIA
1961;7.6;INDIA
1961;7.3;JAPAN
1961;7.5;KERMADEC ISLANDS (NEW ZEALAND)
1961;4.9;CHINA
1961;6.5;INDONESIA
1961;6.8;CHINA
1961;6.5;TURKEY
1961;6.5;ETHIOPIA
1961;6.6;IRAN
1961;5.8;CHINA
1961;6.5;COLOMBIA
1961;6.0;CHINA
1961;7.3;VANUATU
1961;6.4;SOLOMON ISLANDS
1961;6.7;RUSSIA
1961;7.3;JAPAN
1961;7.5;PERU
1961;7.5;SOUTH GEORGIA AND THE SOUTH SANDWICH ISLANDS
1961;7.7;SOUTH GEORGIA AND THE SOUTH SANDWICH ISLANDS
1961;7.7;SOUTH GEORGIA AND THE SOUTH SANDWICH ISLANDS
1961;5.7;CHINA
1961;6.5;CHILE
1961;6.9;COLOMBIA
1962;5.9;CROATIA
1962;6.1;CROATIA
1962;7.3;CHILE
1962;5.3;TUNISIA
1962;6.8;PANAMA
1962;6.0;ALBANIA
1962;6.1;CHINA
1962;7.2;JAPAN
1962;6.3;PERU
1962;5.5;CHINA
1962;5.3;FRANCE
1962;6.8;JAPAN
1962;7.0;MEXICO
1962;7.2;MEXICO
1962;6.8;CHINA
1962;5.7;JAPAN
1962;4.5;GREECE
1962;6.3;BOSNIA-HERZEGOVINA
1962;6.2;CHINA
1962;7.4;PANAMA
1962;6.8;COLOMBIA
1962;6.4;CHINA
1962;6.1;ITALY
1962;6.8;GREECE
1962;5.8;USA
1962;7.2;IRAN
1962;5.5;TURKEY
1962;5.5;GREECE
1962;5.0;IRAN
1962;5.5;IRAN
1962;5.5;CHINA
1962;6.5;USA
1963;4.5;IRAN
1963;7.3;TAIWAN
1963;5.4;LIBYA
1963;7.2;IRAN
1963;7.0;IRAN
1963;7.0;CHINA
1963;6.0;CHINA
1963;5.5;NICARAGUA
1963;6.0;INDONESIA
1963;4.9;SLOVENIA
1963;5.8;CHINA
1963;5.1;IRAN
1963;6.0;MACEDONIA
1963;5.2;IRAN
1963;7.7;PERU
1963;6.5;CHINA
1963;5.3;INDIA
1963;7.5;SOLOMON ISLANDS
1963;7.5;SOLOMON ISLANDS
1963;6.1;TURKEY
1963;7.0;PERU
1963;7.1;RUSSIA
1963;8.5;RUSSIA
1963;7.9;RUSSIA
1963;8.3;INDONESIA
1963;6.6;INDONESIA
1963;7.5;TONGA
1964;5.2;INDONESIA
1964;7.0;TAIWAN
1964;5.4;CHINA
1964;4.6;AZORES (PORTUGAL)
1964;9.2;USA
1964;7.0;INDONESIA
1964;6.0;CROATIA
1964;6.0;TANZANIA
1964;6.9;JAPAN
1964;6.6;JAPAN
1964;6.1;TURKEY
1964;7.5;JAPAN
1964;7.5;VANUATU
1964;7.4;MEXICO
1964;6.8;RUSSIA
1964;4.7;CHINA
1964;7.0;TURKEY
1964;7.6;PAPUA NEW GUINEA
1965;5.5;ALGERIA
1965;5.5;CHINA
1965;7.6;INDONESIA
1965;8.7;USA
1965;5.1;IRAN
1965;7.0;CHILE
1965;6.3;GREECE
1965;7.3;AFGHANISTAN
1965;6.0;CHILE
1965;7.3;CHILE
1965;7.6;USA
1965;7.1;GREECE
1965;6.2;GREECE
1965;6.0;JAPAN
1965;6.6;USA
1965;6.0;EL SALVADOR
1965;7.2;RUSSIA
1965;6.0;IRAN
1965;6.5;USA
1965;6.1;CHINA
1965;6.3;GREECE
1965;7.6;VANUATU
1965;7.3;VANUATU
1965;7.8;MEXICO
1965;6.5;CHILE
1965;6.6;CHINA
1966;5.1;CHINA
1966;6.3;GREECE
1966;6.5;CHINA
1966;6.2;CHINA
1966;5.2;CHINA
1966;6.0;TURKEY
1966;7.4;CHINA
1966;8.0;TAIWAN
1966;5.6;CHINA
1966;7.0;UGANDA
1966;7.6;CHINA
1966;6.2;CHINA
1966;5.3;CHINA
1966;4.8;TURKEY
1966;7.1;SOLOMON ISLANDS
1966;6.3;NEPAL
1966;4.6;TURKEY
1966;5.5;RUSSIA
1966;5.6;INDIA
1966;6.8;TURKEY
1966;5.9;GREECE
1966;5.2;COLOMBIA
1966;5.4;CHINA
1966;5.0;VENEZUELA
1966;6.4;CHINA
1966;5.2;CHINA
1966;8.1;PERU
1966;5.7;GREECE
1966;7.8;CHILE
1966;7.8;SOLOMON ISLANDS
1966;7.2;SOLOMON ISLANDS
1967;6.0;GREECE
1967;7.5;MONGOLIA
1967;5.5;CHINA
1967;5.6;ALBANIA
1967;6.8;COLOMBIA
1967;6.8;INDONESIA
1967;7.0;RUSSIA
1967;6.3;CHINA
1967;5.5;INDONESIA
1967;6.1;INDONESIA
1967;5.9;GREECE
1967;5.0;ALGERIA
1967;7.3;TURKEY
1967;6.2;TURKEY
1967;6.8;COLOMBIA
1967;6.5;VENEZUELA
1967;5.3;FRANCE
1967;6.4;PAPUA NEW GUINEA
1967;6.8;CHINA
1967;7.0;PERU
1967;7.0;TAIWAN
1967;5.9;CHILE
1967;6.5;ALBANIA
1967;5.7;CHINA
1967;6.5;INDIA
1967;5.4;CHINA
1967;7.5;CHILE
1968;4.6;NICARAGUA
1968;6.0;ITALY
1968;5.1;ITALY
1968;7.3;RUSSIA
1968;7.8;PAPUA NEW GUINEA
1968;7.2;GREECE
1968;6.3;JAPAN
1968;4.9;ALGERIA
1968;7.6;AZORES (PORTUGAL)
1968;4.6;KENYA
1968;7.5;JAPAN
1968;4.6;ITALY
1968;5.3;IRAN
1968;8.2;JAPAN
1968;7.5;JAPAN
1968;7.1;NEW ZEALAND
1968;7.7;INDONESIA
1968;5.0;ARMENIA
1968;7.2;JAPAN
1968;7.0;PERU
1968;5.3;IRAN
1968;7.3;KERMADEC ISLANDS (NEW ZEALAND)
1968;7.3;PHILIPPINES
1968;7.5;MEXICO
1968;7.6;INDONESIA
1968;7.4;INDONESIA
1968;7.3;IRAN
1968;5.0;ARMENIA
1968;6.5;IRAN
1968;6.6;TURKEY
1968;5.4;IRAN
1968;6.2;VENEZUELA
1968;5.1;TURKEY
1968;5.7;MEXICO
1968;7.5;JAPAN
1968;6.9;AUSTRALIA
1968;7.5;PAPUA NEW GUINEA
1968;5.3;SERBIA AND MONTENEGRO
1969;5.6;IRAN
1969;7.5;SOLOMON ISLANDS
1969;7.6;JAPAN
1969;7.5;INDONESIA
1969;6.3;CHINA
1969;7.4;INDONESIA
1969;7.8;PORTUGAL
1969;5.6;TURKEY
1969;6.5;TURKEY
1969;6.2;ETHIOPIA
1969;7.0;EGYPT
1969;5.5;ALBANIA
1969;5.1;TURKEY
1969;7.4;CHINA
1969;5.9;PERU
1969;6.4;CHINA
1969;5.4;PAPUA NEW GUINEA
1969;4.7;ITALY
1969;8.2;RUSSIA
1969;5.5;CHINA
1969;6.3;SOUTH AFRICA
1969;6.2;PERU
1969;4.8;USA
1969;5.8;SOUTH AFRICA
1969;6.0;BOSNIA-HERZEGOVINA
1969;6.4;BOSNIA-HERZEGOVINA
1969;7.7;INDONESIA
1969;7.3;RUSSIA
1969;4.2;ECUADOR
1969;7.2;GUADELOUPE
1970;7.8;CHINA
1970;7.6;PHILIPPINES
1970;7.1;PHILIPPINES
1970;5.4;PERU
1970;6.0;USA
1970;4.8;IRAN
1970;5.4;INDIA
1970;7.4;TURKEY
1970;7.3;PHILIPPINES
1970;5.7;TURKEY
1970;5.7;RUSSIA
1970;6.5;RUSSIA
1970;7.9;PERU
1970;6.6;KAZAKHSTAN
1970;7.6;AUSTRALIA
1970;6.0;CHILE
1970;6.4;CHILE
1970;7.5;CANADA
1970;4.9;TURKEY
1970;7.0;JAPAN
1970;6.7;IRAN
1970;7.1;PERU
1970;7.5;SOLOMON ISLANDS
1970;5.5;CROATIA
1970;6.6;COLOMBIA
1970;5.1;NEW ZEALAND
1970;5.3;PHILIPPINES
1970;7.3;PAPUA NEW GUINEA
1970;6.0;CHILE
1970;5.1;RUSSIA
1970;7.6;PERU
1971;8.1;INDONESIA
1971;7.1;INDONESIA
1971;4.6;ITALY
1971;6.5;USA
1971;5.3;IRAN
1971;5.1;IRAN
1971;5.9;IRAN
1971;7.1;USA
1971;5.9;TURKEY
1971;6.7;TURKEY
1971;6.1;DOMINICAN REPUBLIC
1971;5.2;INDONESIA
1971;6.3;CHILE
1971;7.8;CHILE
1971;7.9;PAPUA NEW GUINEA
1971;5.2;ITALY
1971;7.9;PAPUA NEW GUINEA
1971;6.3;PERU
1971;7.3;JAPAN
1971;5.3;IRAN
1971;5.9;CHINA
1971;4.8;IRAN
1971;7.1;RUSSIA
1971;5.5;RUSSIA
1971;6.6;RUSSIA
1971;6.2;RUSSIA
1971;7.0;PAPUA NEW GUINEA
1971;6.1;RUSSIA
1971;5.7;PERU
1971;7.1;VANUATU
1971;5.7;USA
1971;6.3;RUSSIA
1971;7.8;RUSSIA
1972;7.6;TAIWAN
1972;7.5;TAIWAN
1972;7.7;TAIWAN
1972;4.8;ITALY
1972;4.5;IRAN
1972;7.2;JAPAN
1972;6.1;PERU
1972;6.9;IRAN
1972;6.9;TAIWAN
1972;7.2;PHILIPPINES
1972;6.6;CHILE
1972;7.8;INDONESIA
1972;4.4;ITALY
1972;6.1;AFGHANISTAN
1972;5.3;IRAN
1972;7.6;USA
1972;7.1;SOLOMON SEA
1972;6.2;PAKISTAN
1972;5.3;FRANCE
1972;6.0;GREECE
1972;6.3;GREECE
1972;7.0;NEW CALEDONIA
1972;7.4;PHILIPPINES
1972;7.4;JAPAN
1972;6.2;NICARAGUA
1972;5.4;CHILE
1973;7.5;MEXICO
1973;7.6;CHINA
1973;5.1;NEW ZEALAND
1973;5.7;USA
1973;5.2;IRAN
1973;7.2;RUSSIA
1973;5.5;AUSTRALIA
1973;7.5;PHILIPPINES
1973;5.9;ETHIOPIA
1973;6.5;COSTA RICA
1973;6.5;COLOMBIA
1973;6.5;USA
1973;7.7;JAPAN
1973;7.1;RUSSIA
1973;6.6;RUSSIA
1973;7.5;CHINA
1973;3.5;ITALY
1973;6.2;MEXICO
1973;6.7;CHILE
1973;7.5;ANTARCTICA
1973;5.5;GREECE
1973;5.5;IRAN
1973;5.1;AZORES (PORTUGAL)
1973;5.6;GREECE
1973;7.5;VANUATU
1973;7.2;VANUATU
1974;6.3;PERU
1974;7.0;SOLOMON ISLANDS
1974;5.2;TURKEY
1974;7.1;SOLOMON ISLANDS
1974;5.0;COLOMBIA
1974;5.5;CHINA
1974;6.5;JAPAN
1974;7.1;CHINA
1974;6.1;VENEZUELA
1974;4.5;SLOVENIA
1974;5.9;ARGENTINA
1974;6.7;MONGOLIA
1974;7.3;COLOMBIA
1974;5.7;JAPAN
1974;7.1;CHILE
1974;6.2;GABON
1974;6.7;RUSSIA
1974;8.1;PERU
1974;7.5;ANTIGUA AND BARBUDA
1974;5.4;IRAN
1974;6.2;PAKISTAN
1975;5.2;RUSSIA
1975;5.9;INDONESIA
1975;6.8;INDIA
1975;5.8;JAPAN
1975;7.6;USA
1975;7.4;CHINA
1975;5.6;INDONESIA
1975;6.1;IRAN
1975;6.9;CHILE
1975;6.7;TURKEY
1975;6.0;USA
1975;6.1;VENEZUELA
1975;6.1;JAPAN
1975;7.7;CHILE
1975;7.7;ATLANTIC OCEAN
1975;7.0;RUSSIA
1975;6.5;MYANMAR (BURMA)
1975;4.3;ALGERIA
1975;7.9;PAPUA NEW GUINEA
1975;7.7;PAPUA NEW GUINEA
1975;5.6;USA
1975;6.7;TURKEY
1975;5.0;IRAN
1975;7.8;TONGA
1975;7.6;PHILIPPINES
1975;6.1;USA TERRITORY
1975;7.7;USA
1975;7.8;SAMOA
1975;5.5;GREECE
1976;6.4;ICELAND
1976;7.8;KERMADEC ISLANDS (NEW ZEALAND)
1976;8.0;KERMADEC ISLANDS (NEW ZEALAND)
1976;7.0;RUSSIA
1976;7.5;GUATEMALA
1976;5.1;GUATEMALA
1976;5.5;AFGHANISTAN
1976;4.8;TURKEY
1976;7.0;UZBEKISTAN
1976;6.7;ECUADOR
1976;5.5;TURKEY
1976;6.5;ITALY
1976;7.0;UZBEKISTAN
1976;7.3;CHINA
1976;7.4;CHINA
1976;6.4;MEXICO
1976;7.1;INDONESIA
1976;6.5;INDONESIA
1976;6.2;MALAYSIA
1976;7.5;CHINA
1976;7.4;CHINA
1976;8.0;PHILIPPINES
1976;6.8;PHILIPPINES
1976;4.9;TURKEY
1976;5.5;ITALY
1976;6.0;ITALY
1976;5.9;ITALY
1976;7.1;INDONESIA
1976;6.2;IRAN
1976;7.3;TURKEY
1976;6.1;AFGHANISTAN
1976;7.3;CHILE
1976;5.2;SOUTH AFRICA
1977;5.2;INDONESIA
1977;5.9;TAJIKISTAN
1977;7.5;ROMANIA
1977;6.0;INDONESIA
1977;7.3;PHILIPPINES
1977;6.9;IRAN
1977;4.9;TURKEY
1977;7.6;SAMOA
1977;5.9;IRAN
1977;6.8;SOLOMON ISLANDS
1977;7.6;SOLOMON ISLANDS
1977;7.5;SOLOMON ISLANDS
1977;8.1;SOLOMON ISLANDS
1977;5.4;IRAN
1977;7.2;TONGA
1977;4.6;SLOVENIA
1977;8.0;INDONESIA
1977;5.5;PAPUA NEW GUINEA
1977;6.5;COLOMBIA
1977;7.2;TONGA
1977;5.1;ROMANIA
1977;4.9;IRAN
1977;7.4;ARGENTINA
1977;5.8;IRAN
1978;6.6;JAPAN
1978;7.7;KERMADEC ISLANDS (NEW ZEALAND)
1978;4.5;TURKEY
1978;6.1;JAPAN
1978;5.0;ITALY
1978;5.9;PAKISTAN
1978;6.6;MEXICO
1978;6.7;RUSSIA
1978;6.6;RUSSIA
1978;6.8;RUSSIA
1978;7.5;RUSSIA
1978;7.6;RUSSIA
1978;7.1;KAZAKHSTAN
1978;5.7;SERBIA AND MONTENEGRO
1978;5.7;ITALY
1978;5.6;GREECE
1978;4.9;JAPAN
1978;7.7;JAPAN
1978;6.9;PHILIPPINES
1978;6.4;GREECE
1978;7.4;TAIWAN
1978;4.5;GUATEMALA
1978;7.0;CHILE
1978;5.6;USA
1978;4.4;SPAIN
1978;5.3;GERMANY
1978;7.8;IRAN
1978;6.8;UZBEKISTAN
1978;7.7;MEXICO
1978;7.5;RUSSIA
1978;6.2;IRAN
1978;7.0;TAIWAN
1979;6.8;IRAN
1979;6.9;PERU
1979;6.4;JAPAN
1979;7.5;USA
1979;7.6;MEXICO
1979;5.3;SERBIA AND MONTENEGRO
1979;6.9;SERBIA AND MONTENEGRO
1979;5.6;GREECE
1979;5.4;INDONESIA
1979;6.2;MACEDONIA
1979;5.8;INDONESIA
1979;6.1;AUSTRALIA
1979;6.2;PAPUA NEW GUINEA
1979;6.5;PANAMA
1979;5.4;CHINA
1979;4.9;TURKEY
1979;5.9;CHINA
1979;7.9;INDONESIA
1979;5.8;ITALY
1979;4.7;GUATEMALA
1979;7.5;NEW ZEALAND
1979;6.9;USA
1979;6.2;INDONESIA
1979;6.8;GUATEMALA
1979;6.1;INDONESIA
1979;5.2;GREECE
1979;6.6;IRAN
1979;6.9;FIJI
1979;6.4;COLOMBIA
1979;7.5;IRAN
1979;6.0;IRAN
1979;7.7;COLOMBIA
1979;6.6;INDONESIA
1979;6.3;INDONESIA
1980;6.7;AZORES (PORTUGAL)
1980;5.9;USA
1980;7.0;RUSSIA
1980;5.8;INDONESIA
1980;4.5;ITALY
1980;5.3;GUATEMALA
1980;5.2;USA
1980;5.8;SERBIA AND MONTENEGRO
1980;6.1;USA
1980;6.4;MEXICO
1980;6.2;JAPAN
1980;7.5;SOLOMON ISLANDS
1980;6.4;GREECE
1980;5.2;TAJIKISTAN
1980;4.0;GREECE
1980;7.9;SOLOMON ISLANDS
1980;5.4;IRAN
1980;5.1;USA
1980;6.5;NEPAL
1980;6.4;HONDURAS
1980;5.6;ECUADOR
1980;4.9;INDIA
1980;4.8;INDIA
1980;6.0;JAPAN
1980;5.6;NEW ZEALAND
1980;7.7;ALGERIA
1980;6.4;MEXICO
1980;7.2;USA
1980;4.9;PERU
1980;6.9;ITALY
1980;5.0;COLOMBIA
1980;5.8;IRAN
1980;5.2;IRAN
1981;6.9;JAPAN
1981;6.7;INDONESIA
1981;6.8;CHINA
1981;4.6;ITALY
1981;6.7;GREECE
1981;6.4;GREECE
1981;5.6;GREECE
1981;4.8;PERU
1981;6.0;USA
1981;7.6;NEW ZEALAND
1981;6.7;IRAN
1981;5.2;PERU
1981;7.1;IRAN
1981;5.5;BOSNIA-HERZEGOVINA
1981;7.7;SAMOA
1981;5.9;PAKISTAN
1981;7.5;CHILE
1981;5.4;COLOMBIA
1981;7.3;MEXICO
1981;5.3;EGYPT
1981;4.0;PAKISTAN
1981;7.5;GREECE
1982;7.1;PHILIPPINES
1982;4.5;CANADA
1982;6.0;HONDURAS
1982;6.3;INDIA
1982;5.5;INDONESIA
1982;5.4;INDONESIA
1982;6.4;INDONESIA
1982;6.7;JAPAN
1982;3.5;MEXICO
1982;6.1;PERU
1982;4.6;CHINA
1982;7.0;MEXICO
1982;5.5;CHINA
1982;6.2;EL SALVADOR
1982;6.8;JAPAN
1982;7.5;SOLOMON ISLANDS
1982;5.6;INDONESIA
1982;5.1;HONDURAS
1982;4.4;ITALY
1982;5.5;MACEDONIA
1982;6.0;YEMEN
1982;6.6;AFGHANISTAN
1982;7.7;TONGA
1982;5.9;INDONESIA
1982;6.1;JAPAN
1983;7.2;GREECE
1983;6.7;MEXICO
1983;6.2;CHINA
1983;4.7;MACEDONIA
1983;5.2;TAJIKISTAN
1983;6.5;INDONESIA
1983;7.6;PAPUA NEW GUINEA
1983;6.2;GREECE
1983;4.9;IRAN
1983;4.9;COLOMBIA
1983;4.6;TURKMENISTAN
1983;7.3;COSTA RICA
1983;6.6;INDONESIA
1983;5.6;CHINA
1983;6.5;PERU
1983;5.9;THAILAND
1983;6.2;USA
1983;7.7;JAPAN
1983;5.9;JAPAN
1983;6.9;JAPAN
1983;6.2;COSTA RICA
1983;6.1;TURKEY
1983;6.1;USA
1983;5.0;IRAN
1983;4.2;PAKISTAN
1983;7.0;GREECE
1983;5.3;JAPAN
1983;6.5;RUSSIA
1983;6.5;PHILIPPINES
1983;5.1;SERBIA AND MONTENEGRO
1983;6.0;JAPAN
1983;7.3;CHILE
1983;6.0;INDONESIA
1983;6.1;INDONESIA
1983;7.3;USA
1983;6.9;TURKEY
1983;5.2;JAPAN
1983;5.3;CHINA
1983;5.0;BELGIUM
1983;5.0;ITALY
1983;6.7;USA
1983;7.6;UK TERRITORY
1983;6.4;PAPUA NEW GUINEA
1983;6.2;GUINEA
1983;7.2;AFGHANISTAN
1984;6.6;INDONESIA
1984;5.8;AFGHANISTAN
1984;7.5;SOLOMON ISLANDS
1984;5.4;GREECE
1984;6.1;PAKISTAN
1984;7.0;UZBEKISTAN
1984;7.0;RUSSIA
1984;6.6;PAPUA NEW GUINEA
1984;6.1;USA
1984;5.3;ITALY
1984;5.8;ITALY
1984;5.2;ITALY
1984;5.1;BOSNIA-HERZEGOVINA
1984;5.5;JAPAN
1984;6.7;DOMINICAN REPUBLIC
1984;4.7;UK
1984;6.7;JAPAN
1984;5.2;INDONESIA
1984;4.7;SERBIA AND MONTENEGRO
1984;6.1;JAPAN
1984;6.4;TURKEY
1984;6.9;JAPAN
1984;4.5;GREECE
1984;5.3;TURKEY
1984;5.1;USA
1984;6.1;TAJIKISTAN
1984;7.0;RUSSIA
1984;5.6;INDIA
1985;6.9;ARGENTINA
1985;5.3;IRAN
1985;8.0;CHILE
1985;6.3;GUADELOUPE
1985;6.6;CHILE
1985;6.5;PHILIPPINES
1985;7.5;CHILE
1985;6.2;INDONESIA
1985;5.8;CHINA
1985;6.1;PHILIPPINES
1985;5.5;GREECE
1985;7.1;PAPUA NEW GUINEA
1985;7.2;PAPUA NEW GUINEA
1985;6.6;AFGHANISTAN
1985;6.1;PERU
1985;7.5;CHINA
1985;6.3;INDONESIA
1985;8.1;MEXICO
1985;7.6;MEXICO
1985;6.9;SOLOMON ISLANDS
1985;5.0;MACEDONIA
1985;4.5;GUATEMALA
1985;5.9;TAJIKISTAN
1985;5.9;ALGERIA
1985;4.2;TURKEY
1985;7.1;INDONESIA
1985;7.6;VANUATU
1985;6.0;NICARAGUA
1985;7.6;VANUATU
1985;4.3;ITALY
1986;5.3;PERU
1986;5.0;INDONESIA
1986;4.7;GUATEMALA
1986;4.6;PERU
1986;5.3;INDIA
1986;5.9;TURKEY
1986;8.0;USA
1986;5.7;GEORGIA
1986;5.2;PAKISTAN
1986;6.4;USA
1986;6.4;TAIWAN
1986;6.2;VENEZUELA
1986;7.1;PAPUA NEW GUINEA
1986;6.0;USA
1986;5.6;IRAN
1986;5.8;USA
1986;4.9;VENEZUELA
1986;6.2;USA
1986;4.1;TURKEY
1986;6.9;ROMANIA
1986;5.8;GREECE
1986;4.8;GREECE
1986;4.8;SOUTH AFRICA
1986;5.4;EL SALVADOR
1986;5.5;TURKEY
1986;4.5;PAKISTAN
1986;8.1;KERMADEC ISLANDS (NEW ZEALAND)
1986;7.8;TAIWAN
1986;5.5;BOSNIA-HERZEGOVINA
1986;4.8;BRAZIL
1986;5.6;BULGARIA
1986;5.0;CHILE
1986;5.0;IRAN
1987;5.8;CHINA
1987;5.9;CHINA
1987;4.3;ALGERIA
1987;6.3;JAPAN
1987;7.6;PAPUA NEW GUINEA
1987;6.6;NEW ZEALAND
1987;7.3;CHILE
1987;7.2;ECUADOR
1987;6.7;JAPAN
1987;5.1;JAPAN
1987;6.3;PHILIPPINES
1987;6.6;INDONESIA
1987;5.2;PHILIPPINES
1987;4.6;IRAN
1987;6.3;SOLOMON ISLANDS
1987;6.6;VANUATU
1987;4.9;CHINA
1987;6.9;CHILE
1987;6.4;PERU
1987;7.7;AUSTRALIA
1987;4.6;ITALY
1987;6.2;ECUADOR
1987;5.7;USA
1987;5.1;PERU
1987;4.8;USA
1987;7.3;TONGA
1987;6.8;PAPUA NEW GUINEA
1987;7.7;PAPUA NEW GUINEA
1987;7.2;USA
1987;6.2;USA
1987;6.5;INDONESIA
1987;7.9;USA
1987;6.0;JAPAN
1988;5.5;CHINA
1988;5.8;ALBANIA
1988;6.3;AUSTRALIA
1988;6.7;AUSTRALIA
1988;6.7;CHILE
1988;5.8;BANGLADESH
1988;7.8;USA
1988;5.7;IRAN
1988;6.2;PHILIPPINES
1988;5.4;PHILIPPINES
1988;6.8;PAPUA NEW GUINEA
1988;5.7;TAIWAN
1988;7.2;MYANMAR (BURMA)
1988;7.6;SOLOMON ISLANDS
1988;6.1;IRAN
1988;6.6;NEPAL
1988;4.3;PAPUA NEW GUINEA
1988;5.0;TAJIKISTAN
1988;5.8;GREECE
1988;5.6;ALGERIA
1988;6.0;GUATEMALA
1988;5.7;USA TERRITORY
1988;7.3;CHINA
1988;6.4;CHINA
1988;4.6;CHINA
1988;4.7;JAMAICA
1988;6.6;PHILIPPINES
1988;5.3;AZORES (PORTUGAL)
1988;5.8;CANADA
1988;6.8;ARMENIA
1989;5.3;TAJIKISTAN
1989;5.6;INDONESIA
1989;4.4;TURKEY
1989;5.4;PAPUA NEW GUINEA
1989;6.1;MALAWI
1989;6.2;CHINA
1989;6.8;MEXICO
1989;5.1;IRAN
1989;5.2;VENEZUELA
1989;5.6;CHINA
1989;8.2;AUSTRALIA
1989;5.8;IRAN
1989;5.1;BANGLADESH
1989;6.1;ECUADOR
1989;6.1;USA
1989;5.7;AZORES (PORTUGAL)
1989;5.0;JAPAN
1989;6.2;INDONESIA
1989;5.8;INDONESIA
1989;5.0;RUSSIA
1989;6.3;DJIBOUTI
1989;6.0;INDONESIA
1989;6.9;USA
1989;6.1;CHINA
1989;4.7;IRAN
1989;6.9;USA
1989;5.3;CHINA
1989;6.6;JAPAN
1989;5.7;ALGERIA
1989;4.4;USA TERRITORY
1989;7.4;JAPAN
1989;4.7;CHINA
1989;5.9;IRAN
1989;7.5;PHILIPPINES
1989;5.4;AUSTRALIA
1990;6.6;PHILIPPINES
1990;6.4;JAPAN
1990;5.5;USA
1990;7.6;FIJI
1990;6.1;PAKISTAN
1990;7.0;COSTA RICA
1990;6.3;TAJIKISTAN
1990;5.5;PHILIPPINES
1990;4.7;UK
1990;7.5;USA TERRITORY
1990;6.2;CHINA
1990;7.6;INDONESIA
1990;4.7;IRAN
1990;6.9;CHINA
1990;5.4;ITALY
1990;6.3;NEW ZEALAND
1990;7.1;SUDAN
1990;7.0;SUDAN
1990;6.5;PERU
1990;6.7;ROMANIA
1990;6.1;ROMANIA
1990;4.6;COSTA RICA
1990;4.9;PERU
1990;7.1;PHILIPPINES
1990;6.8;KAZAKHSTAN
1990;6.3;PAKISTAN
1990;7.7;IRAN
1990;5.3;IRAN
1990;4.8;INDONESIA
1990;5.6;AFGHANISTAN
1990;7.8;PHILIPPINES
1990;5.1;TURKEY
1990;6.4;VANUATU
1990;6.1;KAZAKHSTAN
1990;4.4;ECUADOR
1990;6.5;JAPAN
1990;4.2;SOUTH AFRICA
1990;4.5;KAZAKHSTAN
1990;4.0;SOUTH AFRICA
1990;5.8;CHINA
1990;6.0;AFGHANISTAN
1990;6.7;IRAN
1990;6.8;INDONESIA
1990;5.6;BOSNIA-HERZEGOVINA
1990;4.6;KYRGYZSTAN
1990;5.3;ITALY
1990;6.2;TAIWAN
1990;6.3;TAIWAN
1990;5.9;GREECE
1990;5.7;COSTA RICA
1990;7.5;PAPUA NEW GUINEA
1991;7.1;MYANMAR (BURMA)
1991;6.4;AFGHANISTAN
1991;6.9;SOLOMON ISLANDS
1991;3.8;FRANCE
1991;5.7;RUSSIA
1991;6.7;BERING SEA
1991;6.1;CHINA
1991;5.5;CHINA
1991;6.4;PERU
1991;6.7;PERU
1991;5.1;AFGHANISTAN
1991;4.1;AFGHANISTAN
1991;7.6;COSTA RICA
1991;4.5;TURKEY
1991;7.0;GEORGIA
1991;6.2;PANAMA
1991;4.9;GEORGIA
1991;4.5;MALAYSIA
1991;6.1;GEORGIA
1991;5.5;PHILIPPINES
1991;4.5;TURKEY
1991;7.5;INDONESIA
1991;5.1;USA
1991;6.5;INDONESIA
1991;5.6;ROMANIA
1991;5.6;ROMANIA
1991;4.7;PERU
1991;5.1;IRAQ
1991;4.7;COSTA RICA
1991;5.2;VENEZUELA
1991;6.2;USA
1991;5.6;NEW ZEALAND
1991;6.2;GUATEMALA
1991;7.2;SOLOMON ISLANDS
1991;7.0;INDIA
1991;5.4;IRAN
1991;5.0;INDIA
1991;6.4;COLOMBIA
1991;4.7;YEMEN
1991;5.0;IRAN
1991;5.5;ROMANIA
1991;7.6;RUSSIA
1992;3.7;CHINA
1992;5.6;JAPAN
1992;4.4;INDONESIA
1992;4.6;IRAN
1992;6.9;TURKEY
1992;5.2;NETHERLANDS
1992;6.3;USA
1992;7.1;USA
1992;6.2;KYRGYZSTAN
1992;7.5;PHILIPPINES
1992;6.0;PAKISTAN
1992;7.0;CUBA
1992;7.0;SOLOMON ISLANDS
1992;7.6;USA
1992;6.7;USA
1992;5.4;USA
1992;7.0;JAPAN
1992;6.3;JAPAN
1992;7.5;KYRGYZSTAN
1992;5.5;PAKISTAN
1992;7.7;NICARAGUA
1992;4.7;IRAN
1992;7.0;CONGO
1992;5.3;EGYPT
1992;7.0;COLOMBIA
1992;7.4;COLOMBIA
1992;7.8;INDONESIA
1993;7.6;JAPAN
1993;5.6;CHINA
1993;5.1;IRAN
1993;6.3;JAPAN
1993;6.4;WALLIS AND FUTUNA (FRENCH TERRITORY)
1993;6.2;CHINA
1993;5.6;USA
1993;5.1;IRAN
1993;6.3;PERU
1993;7.5;RUSSIA
1993;6.6;KERMADEC ISLANDS (NEW ZEALAND)
1993;5.4;IRAN
1993;5.8;COSTA RICA
1993;7.7;JAPAN
1993;5.6;GREECE
1993;5.5;SUDAN
1993;6.3;JAPAN
1993;7.8;USA TERRITORY
1993;7.2;GUATEMALA
1993;6.0;USA
1993;6.2;INDIA
1993;6.9;PAPUA NEW GUINEA
1993;5.1;NEPAL
1993;4.6;INDIA
1993;7.0;RUSSIA
1993;5.6;CHINA
1994;5.7;CHINA
1994;4.6;USA
1994;6.7;USA
1994;7.0;INDONESIA
1994;5.8;USA
1994;6.2;UGANDA
1994;6.9;INDONESIA
1994;6.1;IRAN
1994;6.1;IRAN
1994;5.4;HAITI
1994;7.6;FIJI
1994;6.4;JAPAN
1994;6.1;AFGHANISTAN
1994;6.5;TAIWAN
1994;7.8;INDONESIA
1994;6.6;INDONESIA
1994;6.5;INDONESIA
1994;6.4;TAIWAN
1994;6.1;INDONESIA
1994;6.8;COLOMBIA
1994;8.2;BOLIVIA
1994;6.8;NEW ZEALAND
1994;5.9;IRAN
1994;5.9;ALGERIA
1994;7.0;USA
1994;8.3;RUSSIA
1994;6.8;INDONESIA
1994;7.3;RUSSIA
1994;7.1;PHILIPPINES
1994;5.5;USA
1994;7.8;JAPAN
1994;5.3;CHINA
1995;6.9;JAPAN
1995;6.5;COLOMBIA
1995;7.1;NEW ZEALAND
1995;6.4;COLOMBIA
1995;5.9;CYPRUS
1995;6.9;INDONESIA
1995;5.4;JAPAN
1995;7.4;SAMOA
1995;7.2;PHILIPPINES
1995;6.8;PHILIPPINES
1995;6.6;GREECE
1995;6.9;INDONESIA
1995;7.7;NEW CALEDONIA
1995;7.1;RUSSIA
1995;6.5;GREECE
1995;6.8;CHINA
1995;5.6;CHINA
1995;8.0;CHILE
1995;7.7;PAPUA NEW GUINEA
1995;7.4;MEXICO
1995;6.4;TURKEY
1995;7.0;ECUADOR
1995;6.0;USA
1995;6.8;INDONESIA
1995;8.0;MEXICO
1995;7.1;JAPAN
1995;6.8;JAPAN
1995;6.2;CHINA
1995;6.7;CHILE
1995;7.2;EGYPT
1995;7.9;RUSSIA
1996;7.9;INDONESIA
1996;6.6;CHINA
1996;8.2;INDONESIA
1996;7.5;PERU
1996;7.1;MEXICO
1996;6.3;CHINA
1996;5.9;ECUADOR
1996;7.2;SOLOMON ISLANDS
1996;6.0;CHINA
1996;7.9;USA
1996;7.3;USA
1996;5.7;JAPAN
1996;6.9;CHILE
1996;6.0;CROATIA
1996;6.8;TAIWAN
1996;6.6;JAPAN
1996;6.7;JAPAN
1996;7.7;PERU
1996;6.7;JAPAN
1997;5.8;KYRGYZSTAN
1997;7.2;MEXICO
1997;4.7;ALBANIA
1997;5.9;CHINA
1997;6.5;IRAN
1997;7.1;PAKISTAN
1997;6.1;IRAN
1997;5.6;CHINA
1997;4.9;PAKISTAN
1997;6.1;JAPAN
1997;5.9;CHINA
1997;6.0;CHINA
1997;6.2;CHINA
1997;7.7;SOLOMON ISLANDS
1997;6.7;TRINIDAD AND TOBAGO
1997;6.5;USA TERRITORY
1997;7.2;IRAN
1997;6.4;AFGHANISTAN
1997;5.8;INDIA
1997;5.9;IRAN
1997;7.0;VENEZUELA
1997;5.0;SOUTH AFRICA
1997;6.0;INDONESIA
1997;5.7;ITALY
1997;6.0;ITALY
1997;5.9;INDONESIA
1997;6.2;JAPAN
1997;7.7;TONGA
1997;7.1;CHILE
1997;7.5;CHINA
1997;6.6;GREECE
1997;6.1;INDIA
1997;7.0;INDONESIA
1997;7.8;RUSSIA
1998;5.7;CHINA
1998;6.6;GUATEMALA
1998;6.3;MEXICO
1998;5.9;AFGHANISTAN
1998;6.4;AFGHANISTAN
1998;6.6;IRAN
1998;5.6;CHINA
1998;8.1;ANTARCTICA
1998;5.2;ITALY
1998;5.8;IRAN
1998;5.7;AUSTRIA
1998;7.5;TAIWAN
1998;6.6;BOLIVIA
1998;5.6;CHINA
1998;6.6;AFGHANISTAN
1998;6.3;TURKEY
1998;6.2;AZORES (PORTUGAL)
1998;6.0;ARMENIA
1998;5.7;TAIWAN
1998;7.0;PAPUA NEW GUINEA
1998;7.2;ECUADOR
1998;6.4;CHINA
1998;6.6;INDONESIA
1998;5.5;SERBIA AND MONTENEGRO
1998;5.3;ALBANIA
1998;5.4;IRAN
1998;5.4;IRAN
1998;5.6;CHINA
1998;7.7;INDONESIA
1998;4.5;CHINA
1999;6.2;COLOMBIA
1999;3.2;RUSSIA
1999;4.8;SPAIN
1999;6.0;AFGHANISTAN
1999;6.6;IRAN
1999;5.1;CHINA
1999;6.6;INDIA
1999;6.8;PERU
1999;6.2;IRAN
1999;5.4;AZERBAIJAN
1999;7.0;MEXICO
1999;6.3;MEXICO
1999;6.7;GUATEMALA
1999;4.2;BANGLADESH
1999;7.6;TURKEY
1999;5.2;TURKEY
1999;6.0;GREECE
1999;5.8;TURKEY
1999;7.7;TAIWAN
1999;6.5;TAIWAN
1999;7.5;MEXICO
1999;7.2;USA
1999;5.9;TAIWAN
1999;4.4;PERU
1999;5.3;CHINA
1999;5.7;TURKEY
1999;7.2;TURKEY
1999;4.6;CHINA
1999;5.3;IRAN
1999;7.5;VANUATU
1999;5.0;CHINA
1999;5.7;TURKEY
1999;7.3;PHILIPPINES
1999;6.5;INDONESIA
1999;5.6;ALGERIA
2000;4.6;INDIA
2000;5.1;CHINA
2000;5.9;CHINA
2000;5.3;IRAN
2000;4.5;SOUTH AFRICA
2000;7.6;JAPAN
2000;5.5;GREECE
2000;7.6;INDONESIA
2000;4.1;TURKEY
2000;5.4;TAIWAN
2000;7.9;INDONESIA
2000;6.0;TURKEY
2000;6.3;CHINA
2000;6.7;INDONESIA
2000;6.4;TAIWAN
2000;6.5;ICELAND
2000;7.9;AUSTRALIA
2000;6.5;ICELAND
2000;6.1;JAPAN
2000;5.4;NICARAGUA
2000;5.4;INDONESIA
2000;6.1;JAPAN
2000;6.4;PHILIPPINES
2000;6.5;JAPAN
2000;6.8;RUSSIA
2000;4.2;CHINA
2000;5.0;USA
2000;6.5;TANZANIA
2000;6.7;JAPAN
2000;5.1;AFGHANISTAN
2000;6.5;PANAMA
2000;8.0;PAPUA NEW GUINEA
2000;7.8;PAPUA NEW GUINEA
2000;7.8;PAPUA NEW GUINEA
2000;6.8;AZERBAIJAN
2000;7.0;TURKMENISTAN
2000;6.0;TURKEY
2001;7.5;PHILIPPINES
2001;7.7;EL SALVADOR
2001;7.7;INDIA
2001;6.6;EL SALVADOR
2001;5.6;CHINA
2001;6.8;USA
2001;6.8;JAPAN
2001;5.7;EL SALVADOR
2001;5.5;CHINA
2001;5.0;AFGHANISTAN
2001;8.4;PERU
2001;5.5;TURKEY
2001;6.6;PERU
2001;7.6;PERU
2001;4.3;CHINA
2001;6.5;GREECE
2001;5.8;PERU
2001;4.2;USA
2001;6.1;CANADA
2001;7.0;USA TERRITORY
2001;7.5;INDONESIA
2001;5.6;CHINA
2001;7.8;CHINA
2001;6.8;TAIWAN
2001;4.5;BANGLADESH
2002;7.2;VANUATU
2002;5.3;TAJIKISTAN
2002;6.7;PAPUA NEW GUINEA
2002;5.6;CHILE
2002;4.7;RWANDA
2002;5.9;MEXICO
2002;6.5;TURKEY
2002;4.9;TAJIKISTAN
2002;5.4;IRAN
2002;5.5;MEXICO
2002;7.4;AFGHANISTAN
2002;7.5;PHILIPPINES
2002;6.1;AFGHANISTAN
2002;6.4;JAPAN
2002;7.1;TAIWAN
2002;6.4;CHILE
2002;5.9;TAJIKISTAN
2002;6.6;CHILE
2002;5.2;USA
2002;5.7;SERBIA AND MONTENEGRO
2002;5.4;IRAN
2002;4.3;GEORGIA
2002;7.1;USA TERRITORY
2002;5.5;TANZANIA
2002;6.0;ARGENTINA
2002;4.5;BANGLADESH
2002;6.5;IRAN
2002;4.8;GERMANY
2002;6.5;PANAMA
2002;5.3;CHINA
2002;6.5;USA TERRITORY
2002;6.2;INDONESIA
2002;7.7;FIJI
2002;7.7;FIJI
2002;4.4;EGYPT
2002;5.2;IRAN
2002;5.5;KYRGYZSTAN
2002;6.0;ITALY
2002;7.6;PAPUA NEW GUINEA
2002;6.5;INDIA
2002;6.4;INDONESIA
2002;4.8;UK
2002;5.3;MEXICO
2002;5.6;IRAN
2002;4.2;FRANCE
2002;7.6;INDONESIA
2002;6.7;USA
2002;6.2;CONGO
2002;4.3;ITALY
2002;5.7;ITALY
2002;5.4;PAKISTAN
2002;7.3;INDONESIA
2002;7.9;USA
2002;6.3;PAKISTAN
2002;5.9;VANUATU
2002;5.7;GREECE
2002;5.5;CHINA
2002;5.2;IRAN
2002;5.7;CHINA
2002;5.5;AFGHANISTAN
2003;5.2;IRAN
2003;7.3;SOLOMON ISLANDS
2003;7.5;MEXICO
2003;5.5;INDONESIA
2003;4.7;ITALY
2003;6.1;TURKEY
2003;5.3;CHINA
2003;5.8;PHILIPPINES
2003;6.3;PHILIPPINES
2003;5.2;USA
2003;5.0;FRANCE
2003;6.3;CHINA
2003;5.4;CHINA
2003;4.6;INDONESIA
2003;4.7;GERMANY
2003;6.5;INDONESIA
2003;5.5;BHUTAN
2003;5.7;TURKEY
2003;6.4;CHINA
2003;4.6;USA
2003;6.4;TURKEY
2003;5.8;CHINA
2003;6.8;ALGERIA
2003;7.0;JAPAN
2003;7.0;INDONESIA
2003;5.7;ALGERIA
2003;4.0;USA
2003;5.2;GREECE
2003;6.8;CHILE
2003;5.2;IRAN
2003;5.8;IRAN
2003;7.6;INDIAN OCEAN
2003;5.9;CHINA
2003;5.5;JAPAN
2003;4.5;TURKEY
2003;5.4;TURKEY
2003;5.7;BANGLADESH
2003;7.6;ANTARCTICA
2003;6.0;INDONESIA
2003;5.4;PANAMA
2003;6.3;GREECE
2003;5.4;CHINA
2003;5.5;CHINA
2003;7.2;NEW ZEALAND
2003;5.3;ITALY
2003;5.7;JAPAN
2003;6.6;MYANMAR (BURMA)
2003;6.4;DOMINICAN REPUBLIC
2003;8.3;JAPAN
2003;7.3;RUSSIA
2003;4.4;RUSSIA
2003;4.8;NEW ZEALAND
2003;6.7;RUSSIA
2003;5.2;JAPAN
2003;4.5;DOMINICAN REPUBLIC
2003;5.6;CHINA
2003;5.8;CHINA
2003;7.0;JAPAN
2003;5.1;CHINA
2003;5.6;CHINA
2003;7.8;USA
2003;6.5;PHILIPPINES
2003;4.7;CHINA
2003;6.0;CHINA
2003;4.9;INDONESIA
2003;6.8;TAIWAN
2003;5.0;IRAN
2003;4.4;BULGARIA
2003;6.6;USA
2003;6.5;PANAMA
2003;6.6;IRAN
2003;6.1;NEW CALEDONIA
2004;5.8;INDONESIA
2004;6.1;MEXICO
2004;2.2;SLOVAKIA
2004;4.4;ALGERIA
2004;5.2;IRAN
2004;6.7;INDONESIA
2004;6.1;PANAMA
2004;7.0;INDONESIA
2004;7.3;INDONESIA
2004;5.3;JORDAN
2004;5.4;PAKISTAN
2004;5.1;INDONESIA
2004;6.0;INDONESIA
2004;4.7;BURUNDI
2004;6.4;MOROCCO
2004;5.2;GREECE
2004;5.4;CHINA
2004;5.6;TURKEY
2004;5.6;TURKEY
2004;6.5;AFGHANISTAN
2004;5.4;INDONESIA
2004;5.5;INDONESIA
2004;6.7;INDONESIA
2004;5.2;TAIWAN
2004;6.6;CHILE
2004;5.4;CHINA
2004;5.0;IRAN
2004;4.5;PAKISTAN
2004;4.1;PHILIPPINES
2004;6.3;IRAN
2004;4.9;RUSSIA
2004;4.6;SAUDI ARABIA
2004;5.9;CHILE
2004;5.1;TURKEY
2004;5.2;SLOVENIA
2004;4.6;AFGHANISTAN
2004;5.4;NEW ZEALAND
2004;5.2;AFGHANISTAN
2004;4.0;TURKEY
2004;5.6;TURKEY
2004;5.4;CHINA
2004;5.7;TURKEY
2004;7.2;JAPAN
2004;7.4;JAPAN
2004;6.1;ARGENTINA
2004;5.2;CHINA
2004;4.8;POLAND
2004;6.0;USA
2004;5.6;NICARAGUA
2004;5.6;IRAN
2004;6.6;TAIWAN
2004;4.4;CHINA
2004;6.6;JAPAN
2004;5.9;JAPAN
2004;5.8;ROMANIA
2004;6.6;CANADA
2004;5.2;GREECE
2004;5.5;JAPAN
2004;7.5;INDONESIA
2004;7.2;COLOMBIA
2004;4.8;IRAN
2004;6.4;COSTA RICA
2004;6.3;GUADELOUPE
2004;5.0;IRAN
2004;7.1;NEW ZEALAND
2004;5.1;ITALY
2004;7.1;INDONESIA
2004;7.0;JAPAN
2004;4.5;ALGERIA
2004;5.8;TRINIDAD AND TOBAGO
2004;4.8;GERMANY
2004;4.5;ALGERIA
2004;6.8;JAPAN
2004;5.4;INDIA
2004;5.8;JAPAN
2004;5.4;TURKEY
2004;8.1;AUSTRALIA
2004;9.1;INDONESIA
2005;5.4;IRAN
2005;6.6;JAPAN
2005;5.3;NEW ZEALAND
2005;6.3;INDONESIA
2005;6.1;ECUADOR
2005;4.8;CHINA
2005;5.9;TURKEY
2005;4.4;SPAIN
2005;4.8;INDONESIA
2005;5.8;GUADELOUPE
2005;6.1;CHINA
2005;5.1;INDIA
2005;6.4;IRAN
2005;4.9;PAKISTAN
2005;4.3;SOUTH AFRICA
2005;5.6;TURKEY
2005;6.0;IRAN
2005;5.8;TURKEY
2005;4.9;INDIA
2005;4.3;INDIA
2005;6.6;JAPAN
2005;8.6;INDONESIA
2005;6.7;INDONESIA
2005;7.7;CHILE
2005;7.2;USA
2005;6.7;INDONESIA
2005;5.9;INDONESIA
2005;5.2;ALBANIA
2005;5.3;INDONESIA
2005;5.9;JAPAN
2005;7.2;INDIA
2005;4.7;CHINA
2005;5.6;USA
2005;5.3;TURKEY
2005;4.8;CHINA
2005;4.5;VIETNAM
2005;5.1;IRAN
2005;4.5;CHINA
2005;5.8;CHILE
2005;4.4;INDIA
2005;7.2;JAPAN
2005;4.4;INDIA
2005;4.7;INDIA
2005;7.7;PAPUA NEW GUINEA
2005;5.6;ETHIOPIA
2005;7.5;PERU
2005;5.3;PERU
2005;7.6;PAKISTAN
2005;5.9;TURKEY
2005;4.8;ECUADOR
2005;4.2;CHINA
2005;5.4;PERU
2005;7.0;JAPAN
2005;5.2;CHINA
2005;4.4;TURKEY
2005;6.0;IRAN
2005;6.8;CONGO
2005;6.5;AFGHANISTAN
2005;5.3;INDIA
2005;4.3;TURKEY
2006;6.7;GREECE
2006;7.6;INDONESIA
2006;5.3;INDIA
2006;4.6;BULGARIA
2006;7.0;MOZAMBIQUE
2006;5.8;BHUTAN
2006;6.0;IRAN
2006;5.5;INDIA
2006;4.9;PAKISTAN
2006;6.7;INDONESIA
2006;4.9;ALGERIA
2006;5.9;IRAN
2006;5.0;INDONESIA
2006;6.1;IRAN
2006;4.9;CHINA
2006;6.2;TAIWAN
2006;4.8;PAKISTAN
2006;5.5;INDIA
2006;5.5;GREECE
2006;5.7;CHINA
2006;7.6;RUSSIA
2006;7.9;TONGA
2006;4.5;PANAMA
2006;4.1;IRAN
2006;5.5;INDONESIA
2006;6.3;INDONESIA
2006;5.1;IRAN
2006;4.1;TURKEY
2006;3.8;MALAWI
2006;6.3;JAPAN
2006;4.5;ALBANIA
2006;4.5;CHINA
2006;7.7;INDONESIA
2006;4.9;CHINA
2006;5.6;TAJIKISTAN
2006;5.6;ARGENTINA
2006;4.7;TAJIKISTAN
2006;4.3;FRANCE
2006;4.6;CHINA
2006;5.8;MEXICO
2006;6.9;SAMOA
2006;6.1;TRINIDAD AND TOBAGO
2006;5.5;TRINIDAD AND TOBAGO
2006;6.7;USA
2006;6.7;PERU
2006;4.5;CHINA
2006;4.7;CHINA
2006;8.3;RUSSIA
2006;4.7;FRANCE
2006;4.8;HUNGARY
2006;4.7;CHINA
2006;5.2;INDONESIA
2006;6.2;INDONESIA
2006;6.3;INDONESIA
2006;3.9;SWITZERLAND
2006;4.6;THAILAND
2006;5.8;INDONESIA
2006;4.2;INDIA
2006;5.8;KYRGYZSTAN
2006;7.0;TAIWAN
2006;4.1;HUNGARY
2007;6.0;KYRGYZSTAN
2007;4.5;CHINA
2007;4.7;CHINA
2007;8.1;RUSSIA
2007;5.1;TURKEY
2007;7.5;INDONESIA
2007;4.9;PHILIPPINES
2007;5.7;TURKEY
2007;6.4;INDONESIA
2007;5.0;COLOMBIA
2007;4.7;IRAN
2007;7.1;VANUATU
2007;6.7;JAPAN
2007;5.8;GREECE
2007;8.1;SOLOMON ISLANDS
2007;6.0;MEXICO
2007;4.6;JAPAN
2007;4.5;ALBANIA
2007;6.2;CHILE
2007;4.6;UK
2007;4.5;USA
2007;6.3;LAOS
2007;6.1;INDONESIA
2007;6.1;CHINA
2007;6.7;GUATEMALA
2007;5.5;IRAN
2007;4.5;ECUADOR
2007;6.6;JAPAN
2007;5.6;CHINA
2007;4.2;USA
2007;5.2;TAJIKISTAN
2007;4.3;INDIA
2007;6.9;INDONESIA
2007;7.2;VANUATU
2007;6.2;RUSSIA
2007;6.7;USA
2007;4.2;USA
2007;7.5;INDONESIA
2007;8.0;PERU
2007;1.6;USA
2007;4.4;INDIA
2007;5.0;IRAN
2007;7.2;SOLOMON ISLANDS
2007;4.8;INDONESIA
2007;6.8;COLOMBIA
2007;8.4;INDONESIA
2007;7.9;INDONESIA
2007;7.5;JAPAN
2007;7.4;NEW ZEALAND
2007;6.8;NEW ZEALAND
2007;4.8;PAKISTAN
2007;5.6;USA
2007;5.1;INDIA
2007;5.1;PHILIPPINES
2007;5.1;BANGLADESH
2007;7.7;CHILE
2007;6.8;ECUADOR
2007;4.8;IRAN
2007;6.5;INDONESIA
2007;4.7;INDIA
2007;7.4;MARTINIQUE
2007;4.6;BRAZIL
2007;7.8;KERMADEC ISLANDS (NEW ZEALAND)
2007;5.9;CHILE
2007;6.6;NEW ZEALAND
2007;5.7;TURKEY
2007;5.6;TURKEY
2008;5.6;KYRGYZSTAN
2008;5.6;GUATEMALA
2008;5.9;INDONESIA
2008;4.6;ALGERIA
2008;5.0;BANGLADESH
2008;6.1;INDONESIA
2008;5.9;CONGO
2008;4.3;INDIA
2008;5.1;MEXICO
2008;4.9;IRAN
2008;4.9;RWANDA
2008;5.0;LEBANON
2008;7.4;INDONESIA
2008;6.0;USA
2008;6.5;INDONESIA
2008;4.8;UK
2008;4.3;BRAZIL
2008;4.5;INDIA
2008;7.2;CHINA
2008;5.3;PERU
2008;7.3;NEW CALEDONIA
2008;6.1;GUATEMALA
2008;5.3;USA
2008;5.0;USA
2008;6.4;VANUATU
2008;4.5;IRAN
2008;6.8;JAPAN
2008;7.9;CHINA
2008;5.6;COLOMBIA
2008;6.0;CHINA
2008;5.6;COSTA RICA
2008;5.7;CHINA
2008;6.3;ICELAND
2008;5.5;ALGERIA
2008;3.8;INDIA
2008;6.3;GREECE
2008;6.9;JAPAN
2008;5.5;PERU
2008;5.0;IRAN
2008;7.7;RUSSIA
2008;6.2;PERU
2008;6.9;JAPAN
2008;6.8;JAPAN
2008;5.6;CHINA
2008;5.4;USA
2008;5.7;CHINA
2008;6.0;CHINA
2008;5.2;VENEZUELA
2008;6.0;PHILIPPINES
2008;5.0;CHINA
2008;6.0;CHINA
2008;5.5;NEW ZEALAND
2008;6.7;CHINA
2008;5.0;ATLANTIC OCEAN
2008;6.2;RUSSIA
2008;5.9;CHINA
2008;4.1;TURKEY
2008;5.4;INDONESIA
2008;6.1;IRAN
2008;6.8;JAPAN
2008;5.0;INDIA
2008;6.6;KYRGYZSTAN
2008;6.3;CHINA
2008;5.7;RUSSIA
2008;6.4;PAKISTAN
2008;6.4;PAKISTAN
2008;6.3;CHINA
2008;7.3;INDONESIA
2008;6.1;PANAMA
2008;4.1;CZECH REPUBLIC
2008;5.4;IRAN
2008;4.5;CHINA
2008;4.1;ARGENTINA
2008;4.7;MYANMAR (BURMA)
2008;4.8;CHINA
2008;5.8;AFGHANISTAN
2009;7.6;INDONESIA
2009;7.3;INDONESIA
2009;6.1;COSTA RICA
2009;7.4;RUSSIA
2009;4.6;PERU
2009;7.2;INDONESIA
2009;5.4;PAKISTAN
2009;5.5;CHINA
2009;7.6;TONGA
2009;4.1;INDIA
2009;4.4;NICARAGUA
2009;6.3;ITALY
2009;5.5;ITALY
2009;5.2;INDIA
2009;5.4;AFGHANISTAN
2009;4.6;SAUDI ARABIA
2009;5.7;SAUDI ARABIA
2009;4.9;INDIA
2009;5.3;MACEDONIA
2009;7.3;HONDURAS
2009;5.7;VANUATU
2009;6.3;VANUATU
2009;5.4;KAZAKHSTAN
2009;6.0;PANAMA
2009;5.7;CHINA
2009;7.8;NEW ZEALAND
2009;5.8;CHINA
2009;3.4;CHINA
2009;7.5;INDIA
2009;6.4;JAPAN
2009;6.7;INDONESIA
2009;6.2;CHINA
2009;5.2;MYANMAR (BURMA)
2009;7.0;INDONESIA
2009;6.0;GEORGIA
2009;6.3;VENEZUELA
2009;5.7;PHILIPPINES
2009;5.7;INDONESIA
2009;6.1;BHUTAN
2009;3.1;AUSTRALIA
2009;8.1;SAMOA
2009;7.5;INDONESIA
2009;6.6;INDONESIA
2009;7.6;VANUATU
2009;7.8;SOLOMON ISLANDS
2009;5.4;ECUADOR
2009;6.1;AFGHANISTAN
2009;5.3;BHUTAN
2009;4.9;CHINA
2009;5.1;IRAN
2009;6.6;INDONESIA
2009;5.4;VENEZUELA
2009;3.5;SOUTH AFRICA
2009;5.9;MALAWI
2009;5.1;INDIA
2009;4.9;JAPAN
2009;6.4;TAIWAN
2009;6.0;MALAWI
2009;5.9;MEXICO
2009;5.2;BHUTAN
2010;5.1;TAJIKISTAN
2010;6.6;SOLOMON ISLANDS
2010;7.1;SOLOMON ISLANDS
2010;6.8;SOLOMON ISLANDS
2010;5.1;INDONESIA
2010;6.5;USA
2010;7.0;HAITI
2010;5.5;VENEZUELA
2010;5.0;IRAN
2010;4.4;CHINA
2010;4.7;CHINA
2010;4.8;CHINA
2010;7.0;JAPAN
2010;8.8;CHILE
2010;6.3;ARGENTINA
2010;6.3;TAIWAN
2010;6.1;TURKEY
2010;6.9;CHILE
2010;6.7;INDIA
2010;7.2;MEXICO
2010;7.8;INDONESIA
2010;6.9;CHINA
2010;5.6;AFGHANISTAN
2010;5.2;AUSTRALIA
2010;4.5;INDIA
2010;6.2;PERU
2010;7.2;INDONESIA
2010;5.2;ALGERIA
2010;5.8;USA TERRITORY
2010;4.4;USA TERRITORY
2010;7.5;INDIA
2010;5.8;USA
2010;7.0;INDONESIA
2010;5.9;INDIA
2010;5.2;INDIA
2010;5.2;CANADA
2010;6.2;MEXICO
2010;5.8;IRAN
2010;7.6;PHILIPPINES
2010;5.4;IRAN
2010;7.2;VANUATU
2010;7.1;ECUADOR
2010;6.9;USA TERRITORY
2010;5.7;IRAN
2010;4.9;CHINA
2010;7.0;NEW ZEALAND
2010;5.0;NEW ZEALAND
2010;5.1;NEW ZEALAND
2010;5.0;NEW ZEALAND
2010;4.8;BANGLADESH
2010;5.8;IRAN
2010;5.2;PAKISTAN
2010;7.8;INDONESIA
2010;5.5;SERBIA AND MONTENEGRO
2010;4.9;IRAN
2010;4.7;PAKISTAN
2010;5.1;ETHIOPIA
2010;3.7;USA
2010;6.5;IRAN
2010;7.4;JAPAN
2010;7.3;VANUATU
2010;4.5;NEW ZEALAND
2011;4.5;IRAN
2011;6.5;VANUATU
2011;7.2;PAKISTAN
2011;4.8;CHINA
2011;6.3;MYANMAR (BURMA)
2011;6.8;CHILE
2011;3.1;USA
2011;6.1;NEW ZEALAND
2011;5.5;PHILIPPINES
2011;7.5;JAPAN
2011;5.5;CHINA
2011;9.1;JAPAN
2011;7.9;JAPAN
2011;7.6;JAPAN
2011;6.8;MYANMAR (BURMA)
2011;5.4;NEPAL
2011;7.1;JAPAN
2011;5.1;CHINA
2011;6.6;JAPAN
2011;6.1;INDONESIA
2011;5.1;SPAIN
2011;4.3;TURKEY
2011;5.3;CHINA
2011;6.0;NEW ZEALAND
2011;5.3;CHINA
2011;7.3;USA
2011;5.3;CHINA
2011;7.6;KERMADEC ISLANDS (NEW ZEALAND)
2011;7.0;JAPAN
2011;6.1;UZBEKISTAN
2011;5.0;CHINA
2011;5.7;CHINA
2011;7.1;VANUATU
2011;7.0;VANUATU
2011;5.4;USA
2011;5.8;USA
2011;6.8;USA
2011;6.7;INDONESIA
2011;4.3;INDIA
2011;6.9;INDIA
2011;5.6;GUATEMALA
2011;5.0;INDIA
2011;7.4;KERMADEC ISLANDS (NEW ZEALAND)
2011;7.1;TURKEY
2011;6.9;PERU
2011;3.5;INDIA
2011;4.0;ECUADOR
2011;5.6;CHINA
2011;5.7;USA
2011;5.0;PHILIPPINES
2011;5.0;USA
2011;5.7;TURKEY
2011;5.8;INDIA
2011;5.1;EL SALVADOR
2011;5.3;CHINA
2011;5.3;NEW ZEALAND
2011;6.4;MEXICO
2011;5.8;NEW ZEALAND
2011;6.7;RUSSIA
2012;5.3;IRAN
2012;6.4;PERU
2012;7.0;VANUATU
2012;6.7;PHILIPPINES
2012;5.9;TAIWAN
2012;5.2;IRAN
2012;5.6;PHILIPPINES
2012;6.9;JAPAN
2012;5.8;PHILIPPINES
2012;7.4;MEXICO
2012;7.2;CHILE
2012;8.6;INDONESIA
2012;8.2;INDONESIA
2012;6.3;VANUATU
2012;6.7;CHILE
2012;5.4;IRAN
2012;5.7;AZERBAIJAN
2012;5.4;INDIA
2012;5.7;TAJIKISTAN
2012;6.3;CHILE
2012;4.1;BRAZIL
2012;6.1;ITALY
2012;5.1;ITALY
2012;5.6;BULGARIA
2012;5.9;ITALY
2012;5.8;INDONESIA
2012;6.1;TURKEY
2012;5.8;AFGHANISTAN
2012;5.3;TURKEY
2012;5.5;CHINA
2012;6.3;CHINA
2012;4.9;CHINA
2012;6.5;INDONESIA
2012;6.4;SOLOMON ISLANDS
2012;6.5;IRAN
2012;7.7;RUSSIA
2012;6.3;INDONESIA
2012;7.3;NICARAGUA
2012;7.6;PHILIPPINES
2012;7.6;COSTA RICA
2012;5.6;CHINA
2012;5.0;INDIA
2012;7.7;CANADA
2012;7.3;GUATEMALA
2012;6.8;MYANMAR (BURMA)
2012;5.1;CHINA
2012;5.7;IRAN
2012;7.2;JAPAN
2013;7.5;USA
2013;6.1;INDONESIA
2013;7.9;SOLOMON ISLANDS
2013;7.0;SOLOMON ISLANDS
2013;7.0;COLOMBIA
2013;4.2;RUSSIA
2013;4.9;CHINA
2013;5.3;PERU
2013;5.4;CHINA
2013;5.1;CHINA
2013;6.0;TAIWAN
2013;6.3;IRAN
2013;5.4;HONDURAS
2013;5.8;JAPAN
2013;7.7;IRAN
2013;5.8;JAPAN
2013;2.1;USA
2013;7.2;RUSSIA
2013;6.6;CHINA
2013;5.5;AFGHANISTAN
2013;5.7;INDIA
2013;6.1;IRAN
2013;4.9;ALGERIA
2013;8.3;RUSSIA
2013;5.7;PHILIPPINES
2013;6.3;TAIWAN
2013;5.3;RUSSIA
2013;5.1;INDONESIA
2013;6.1;INDONESIA
2013;5.7;INDONESIA
2013;4.8;ALGERIA
2013;6.5;NEW ZEALAND
2013;6.0;CHINA
2013;5.1;GREECE
2013;6.5;NEW ZEALAND
2013;6.2;MEXICO
2013;5.8;CHINA
2013;6.6;GUATEMALA
2013;7.7;PAKISTAN
2013;7.0;PERU
2013;6.8;PAKISTAN
2013;6.4;GREECE
2013;7.1;PHILIPPINES
2013;5.3;INDONESIA
2013;7.1;JAPAN
2013;7.8;ANTARCTICA
2013;5.6;IRAN
2014;5.3;IRAN
2014;6.4;USA TERRITORY
2014;6.2;NEW ZEALAND
2014;6.1;INDONESIA
2014;6.1;GREECE
2014;5.3;IRAN
2014;6.1;GREECE
2014;6.9;CHINA
2014;4.5;AUSTRALIA
2014;6.3;JAPAN
2014;6.7;CHILE
2014;5.1;USA
2014;8.2;CHILE
2014;7.6;CHILE
2014;5.4;CHINA
2014;6.1;NICARAGUA
2014;7.6;SOLOMON ISLANDS
2014;7.4;SOLOMON ISLANDS
2014;5.1;NICARAGUA
2014;7.2;MEXICO
2014;7.5;PAPUA NEW GUINEA
2014;6.0;THAILAND
2014;6.4;MEXICO
2014;4.5;PAKISTAN
2014;4.1;GERMANY
2014;5.1;ALBANIA
2014;6.9;GREECE
2014;5.9;CHINA
2014;6.9;NEW ZEALAND
2014;7.9;USA
2014;6.9;MEXICO
2014;6.5;JAPAN
2014;6.1;USA
2014;6.3;MEXICO
2014;5.6;ALGERIA
2014;6.1;CHINA
2014;5.3;SOUTH AFRICA
2014;5.1;ECUADOR
2014;5.1;CHINA
2014;6.2;IRAN
2014;6.0;USA
2014;5.2;PHILIPPINES
2014;4.9;PERU
2014;6.0;CHINA
2014;7.1;CHILE
2014;7.3;EL SALVADOR
2014;7.1;INDONESIA
2014;5.9;CHINA
2014;6.2;JAPAN
2014;5.6;CHINA
2015;6.7;JAPAN
2015;6.4;VANUATU
2015;4.6;CHINA
2015;3.4;BOSNIA-HERZEGOVINA
2015;5.2;CHINA
2015;5.4;PAKISTAN
2015;4.4;SERBIA AND MONTENEGRO
2015;4.7;CHINA
2015;7.5;PAPUA NEW GUINEA
2015;6.4;TAIWAN
2015;7.8;NEPAL
2015;5.7;JAPAN
2015;7.5;PAPUA NEW GUINEA
2015;7.3;NEPAL
2015;7.8;JAPAN
2015;6.0;MALAYSIA
2015;5.1;INDIA
2015;6.4;CHINA
2015;6.7;SOLOMON ISLANDS
2015;7.0;SOLOMON ISLANDS
2015;5.1;PAKISTAN
2015;6.9;USA
2015;7.0;INDONESIA
2015;5.9;PANAMA
2015;5.5;RWANDA
2015;8.3;CHILE
2015;6.6;INDONESIA
2015;5.8;ARGENTINA
2015;7.5;AFGHANISTAN
2015;5.3;VENEZUELA
2015;6.9;CHILE
2015;6.7;JAPAN
2015;6.5;GREECE
2015;7.6;PERU
2015;7.6;PERU
2015;7.2;TAJIKISTAN
2015;6.3;AFGHANISTAN
2016;6.7;INDIA
2016;5.5;INDONESIA
2016;7.1;USA
2016;6.3;MOROCCO
2016;6.4;TAIWAN
2016;7.8;INDONESIA
2016;6.6;AFGHANISTAN
2016;7.0;JAPAN
2016;7.8;ECUADOR
2016;7.0;VANUATU
2016;5.5;CHINA
2016;6.8;ECUADOR
2016;6.3;INDONESIA
2016;5.4;TAJIKISTAN
2016;7.7;USA TERRITORY
2016;5.9;INDONESIA
2016;7.2;NEW CALEDONIA
2016;5.4;PERU
2016;7.4;SOUTH GEORGIA AND THE SOUTH SANDWICH ISLANDS
2016;6.2;ITALY
2016;6.8;MYANMAR (BURMA)
2016;7.1;NEW ZEALAND
2016;5.9;TANZANIA
2016;5.3;MACEDONIA
2016;4.6;SOUTH KOREA
2016;4.8;RWANDA
2016;5.4;PAKISTAN
2016;6.2;JAPAN
2016;6.6;ITALY
2016;6.6;ITALY
2016;5.0;USA
2016;7.8;NEW ZEALAND
2016;6.9;JAPAN
2016;7.0;NICARAGUA
2016;5.4;NEPAL
2016;6.2;PERU
2016;6.5;INDONESIA
2016;7.8;SOLOMON ISLANDS
2016;6.9;SOLOMON ISLANDS
2016;7.9;PAPUA NEW GUINEA
2016;5.4;ECUADOR
2016;7.6;CHILE
